,ground_truth,student_answer,label,tokenize_ground_truth,tokenize_student_answer,ngram_overlap,lcs_ratio,length_ratio,score_multilingual_mpnet,score_multilingual_minilm,score_vi_sbert
0,Nếu một vật không chịu tác dụng của lực nào hoặc chịu tác dụng của các lực có hợp lực bằng không thì vật giữ nguyên trạng thái đứng yên hoặc chuyển động thẳng đều.,"Vật đang đứng yên hay đang chạy đều thì cứ giữ y như vậy nếu không có lực nào tác động, hoặc các lực tác động triệt tiêu nhau.",dung,"['Nếu', 'một', 'vật', 'không', 'chịu', 'tác_dụng', 'của', 'lực', 'nào', 'hoặc', 'chịu', 'tác_dụng', 'của', 'các', 'lực', 'có', 'hợp_lực', 'bằng', 'không', 'thì', 'vật', 'giữ', 'nguyên_trạng_thái', 'đứng', 'yên', 'hoặc', 'chuyển_động', 'thẳng', 'đều', '.']","['Vật', 'đang', 'đứng', 'yên', 'hay', 'đang', 'chạy', 'đều', 'thì', 'cứ', 'giữ', 'y_như_vậy', 'nếu', 'không', 'có', 'lực', 'nào', 'tác_động', ',', 'hoặc', 'các', 'lực', 'tác_động', 'triệt_tiêu', 'nhau', '.']",0.029411764705882353,0.23333333333333334,0.8666666666666667,0.9048119,0.8771628,0.80523086
1,Nếu một vật không chịu tác dụng của lực nào hoặc chịu tác dụng của các lực có hợp lực bằng không thì vật giữ nguyên trạng thái đứng yên hoặc chuyển động thẳng đều.,"Em nghĩ là khi hợp lực tác dụng lên vật bằng 0 thì vật sẽ không thay đổi vận tốc, tức là nếu nó đang đứng yên thì tiếp tục đứng yên, còn nếu đang chuyển động thì tiếp tục đi thẳng với tốc độ không đổi.",dung,"['Nếu', 'một', 'vật', 'không', 'chịu', 'tác_dụng', 'của', 'lực', 'nào', 'hoặc', 'chịu', 'tác_dụng', 'của', 'các', 'lực', 'có', 'hợp_lực', 'bằng', 'không', 'thì', 'vật', 'giữ', 'nguyên_trạng_thái', 'đứng', 'yên', 'hoặc', 'chuyển_động', 'thẳng', 'đều', '.']","['Em', 'nghĩ', 'là', 'khi', 'hợp_lực', 'tác_dụng', 'lên', 'vật', 'bằng', '0', 'thì', 'vật', 'sẽ', 'không', 'thay_đổi', 'vận_tốc', ',', 'tức_là', 'nếu', 'nó', 'đang', 'đứng', 'yên', 'thì', 'tiếp_tục', 'đứng', 'yên', ',', 'còn', 'nếu', 'đang', 'chuyển_động', 'thì', 'tiếp_tục', 'đi', 'thẳng', 'với', 'tốc_độ', 'không', 'đổi', '.']",0.014925373134328358,0.3,1.3666666666666667,0.8592344,0.783707,0.7410195
2,Nếu một vật không chịu tác dụng của lực nào hoặc chịu tác dụng của các lực có hợp lực bằng không thì vật giữ nguyên trạng thái đứng yên hoặc chuyển động thẳng đều.,Nếu một vật không chịu tác dụng của lực nào hoặc các lực tác dụng có hợp lực bằng không thì vật sẽ giữ nguyên trạng thái đứng yên hoặc chuyển động thẳng đều.,hoc_vet,"['Nếu', 'một', 'vật', 'không', 'chịu', 'tác_dụng', 'của', 'lực', 'nào', 'hoặc', 'chịu', 'tác_dụng', 'của', 'các', 'lực', 'có', 'hợp_lực', 'bằng', 'không', 'thì', 'vật', 'giữ', 'nguyên_trạng_thái', 'đứng', 'yên', 'hoặc', 'chuyển_động', 'thẳng', 'đều', '.']","['Nếu', 'một', 'vật', 'không', 'chịu', 'tác_dụng', 'của', 'lực', 'nào', 'hoặc', 'các', 'lực', 'tác_dụng', 'có', 'hợp_lực', 'bằng', 'không', 'thì', 'vật', 'sẽ', 'giữ', 'nguyên_trạng_thái', 'đứng', 'yên', 'hoặc', 'chuyển_động', 'thẳng', 'đều', '.']",0.602124183006536,0.9,0.9666666666666667,0.99719995,0.9950442,0.9887553
3,Nếu một vật không chịu tác dụng của lực nào hoặc chịu tác dụng của các lực có hợp lực bằng không thì vật giữ nguyên trạng thái đứng yên hoặc chuyển động thẳng đều.,Một vật không chịu lực nào tác dụng hoặc hợp lực bằng không thì vật giữ nguyên trạng thái đứng yên hay chuyển động thẳng đều của nó.,hoc_vet,"['Nếu', 'một', 'vật', 'không', 'chịu', 'tác_dụng', 'của', 'lực', 'nào', 'hoặc', 'chịu', 'tác_dụng', 'của', 'các', 'lực', 'có', 'hợp_lực', 'bằng', 'không', 'thì', 'vật', 'giữ', 'nguyên_trạng_thái', 'đứng', 'yên', 'hoặc', 'chuyển_động', 'thẳng', 'đều', '.']","['Một', 'vật', 'không', 'chịu', 'lực', 'nào', 'tác_dụng', 'hoặc', 'hợp_lực', 'bằng', 'không', 'thì', 'vật', 'giữ', 'nguyên_trạng_thái', 'đứng', 'yên', 'hay', 'chuyển_động', 'thẳng', 'đều', 'của', 'nó', '.']",0.2764227642276423,0.6333333333333333,0.8,0.9749759,0.9606984,0.92561316
4,Nếu một vật không chịu tác dụng của lực nào hoặc chịu tác dụng của các lực có hợp lực bằng không thì vật giữ nguyên trạng thái đứng yên hoặc chuyển động thẳng đều.,"Định luật 1 Newton nói là vật nào cũng cần có lực tác dụng thì mới chuyển động được, không có lực thì vật sẽ dừng lại.",sai,"['Nếu', 'một', 'vật', 'không', 'chịu', 'tác_dụng', 'của', 'lực', 'nào', 'hoặc', 'chịu', 'tác_dụng', 'của', 'các', 'lực', 'có', 'hợp_lực', 'bằng', 'không', 'thì', 'vật', 'giữ', 'nguyên_trạng_thái', 'đứng', 'yên', 'hoặc', 'chuyển_động', 'thẳng', 'đều', '.']","['Định_luật', '1', 'Newton', 'nói', 'là', 'vật', 'nào', 'cũng', 'cần', 'có', 'lực', 'tác_dụng', 'thì', 'mới', 'chuyển_động', 'được', ',', 'không', 'có', 'lực', 'thì', 'vật', 'sẽ', 'dừng', 'lại', '.']",0.009433962264150943,0.23333333333333334,0.8666666666666667,0.8025256,0.80033237,0.701484
5,"Gia tốc của một vật cùng hướng với lực tác dụng lên vật, có độ lớn tỉ lệ thuận với độ lớn của lực và tỉ lệ nghịch với khối lượng của vật (F = ma).","Lực càng lớn thì vật tăng tốc càng nhanh, còn vật càng nặng thì càng khó tăng tốc, công thức là F=ma.",dung,"['Gia_tốc', 'của', 'một', 'vật', 'cùng', 'hướng', 'với', 'lực', 'tác_dụng', 'lên', 'vật', ',', 'có', 'độ', 'lớn', 'tỉ_lệ_thuận', 'với', 'độ', 'lớn', 'của', 'lực', 'và', 'tỉ_lệ_nghịch', 'với', 'khối_lượng', 'của', 'vật', '(', 'F', '=', 'ma', ')', '.']","['Lực', 'càng', 'lớn', 'thì', 'vật', 'tăng_tốc', 'càng', 'nhanh', ',', 'còn', 'vật', 'càng', 'nặng', 'thì', 'càng', 'khó', 'tăng_tốc', ',', 'công_thức', 'là', 'F', '=', 'ma', '.']",0.028483309143686502,0.21212121212121213,0.7272727272727273,0.82352823,0.80395615,0.7066773
6,"Gia tốc của một vật cùng hướng với lực tác dụng lên vật, có độ lớn tỉ lệ thuận với độ lớn của lực và tỉ lệ nghịch với khối lượng của vật (F = ma).","Gia tốc mà vật thu được sẽ phụ thuộc vào lực tác dụng lên nó, lực lớn thì gia tốc lớn theo tỉ lệ thuận, nhưng nếu khối lượng vật lớn thì gia tốc lại nhỏ đi, quan hệ này thể hiện qua công thức a = F/m.",dung,"['Gia_tốc', 'của', 'một', 'vật', 'cùng', 'hướng', 'với', 'lực', 'tác_dụng', 'lên', 'vật', ',', 'có', 'độ', 'lớn', 'tỉ_lệ_thuận', 'với', 'độ', 'lớn', 'của', 'lực', 'và', 'tỉ_lệ_nghịch', 'với', 'khối_lượng', 'của', 'vật', '(', 'F', '=', 'ma', ')', '.']","['Gia_tốc', 'mà', 'vật', 'thu', 'được', 'sẽ', 'phụ_thuộc', 'vào', 'lực', 'tác_dụng', 'lên', 'nó', ',', 'lực', 'lớn', 'thì', 'gia_tốc', 'lớn', 'theo', 'tỉ_lệ_thuận', ',', 'nhưng', 'nếu', 'khối_lượng', 'vật', 'lớn', 'thì', 'gia_tốc', 'lại', 'nhỏ', 'đi', ',', 'quan_hệ', 'này', 'thể_hiện', 'qua', 'công_thức', 'a', '=', 'F', '/', 'm', '.']",0.02093114241001565,0.36363636363636365,1.303030303030303,0.8855839,0.8538232,0.7369444
7,"Gia tốc của một vật cùng hướng với lực tác dụng lên vật, có độ lớn tỉ lệ thuận với độ lớn của lực và tỉ lệ nghịch với khối lượng của vật (F = ma).","Gia tốc của vật cùng hướng với lực tác dụng lên vật, có độ lớn tỉ lệ thuận với lực và tỉ lệ nghịch với khối lượng vật, F=ma.",hoc_vet,"['Gia_tốc', 'của', 'một', 'vật', 'cùng', 'hướng', 'với', 'lực', 'tác_dụng', 'lên', 'vật', ',', 'có', 'độ', 'lớn', 'tỉ_lệ_thuận', 'với', 'độ', 'lớn', 'của', 'lực', 'và', 'tỉ_lệ_nghịch', 'với', 'khối_lượng', 'của', 'vật', '(', 'F', '=', 'ma', ')', '.']","['Gia_tốc', 'của', 'vật', 'cùng', 'hướng', 'với', 'lực', 'tác_dụng', 'lên', 'vật', ',', 'có', 'độ', 'lớn', 'tỉ_lệ_thuận', 'với', 'lực', 'và', 'tỉ_lệ_nghịch', 'với', 'khối_lượng', 'vật', ',', 'F', '=', 'ma', '.']",0.4837837837837838,0.7878787878787878,0.8181818181818182,0.9639024,0.9825976,0.947657
8,"Gia tốc của một vật cùng hướng với lực tác dụng lên vật, có độ lớn tỉ lệ thuận với độ lớn của lực và tỉ lệ nghịch với khối lượng của vật (F = ma).","Gia tốc của một vật tỉ lệ thuận với độ lớn lực tác dụng và tỉ lệ nghịch với khối lượng của vật, cùng hướng với lực đó.",hoc_vet,"['Gia_tốc', 'của', 'một', 'vật', 'cùng', 'hướng', 'với', 'lực', 'tác_dụng', 'lên', 'vật', ',', 'có', 'độ', 'lớn', 'tỉ_lệ_thuận', 'với', 'độ', 'lớn', 'của', 'lực', 'và', 'tỉ_lệ_nghịch', 'với', 'khối_lượng', 'của', 'vật', '(', 'F', '=', 'ma', ')', '.']","['Gia_tốc', 'của', 'một', 'vật', 'tỉ_lệ_thuận', 'với', 'độ', 'lớn', 'lực', 'tác_dụng', 'và', 'tỉ_lệ_nghịch', 'với', 'khối_lượng', 'của', 'vật', ',', 'cùng', 'hướng', 'với', 'lực', 'đó', '.']",0.32957393483709274,0.48484848484848486,0.696969696969697,0.9299306,0.9285704,0.8926835
9,"Gia tốc của một vật cùng hướng với lực tác dụng lên vật, có độ lớn tỉ lệ thuận với độ lớn của lực và tỉ lệ nghịch với khối lượng của vật (F = ma).","Định luật 2 Newton là lực tác dụng lên vật sẽ tỉ lệ thuận với vận tốc của vật, vật chạy càng nhanh thì lực càng lớn.",sai,"['Gia_tốc', 'của', 'một', 'vật', 'cùng', 'hướng', 'với', 'lực', 'tác_dụng', 'lên', 'vật', ',', 'có', 'độ', 'lớn', 'tỉ_lệ_thuận', 'với', 'độ', 'lớn', 'của', 'lực', 'và', 'tỉ_lệ_nghịch', 'với', 'khối_lượng', 'của', 'vật', '(', 'F', '=', 'ma', ')', '.']","['Định_luật', '2', 'Newton', 'là', 'lực', 'tác_dụng', 'lên', 'vật', 'sẽ', 'tỉ_lệ_thuận', 'với', 'vận_tốc', 'của', 'vật', ',', 'vật', 'chạy', 'càng', 'nhanh', 'thì', 'lực', 'càng', 'lớn', '.']",0.08083233293317327,0.2727272727272727,0.7272727272727273,0.7751889,0.6857743,0.7807313
10,"Khi vật A tác dụng lên vật B một lực thì vật B cũng tác dụng trở lại vật A một lực; hai lực này cùng giá, cùng độ lớn nhưng ngược chiều (lực và phản lực).",Hễ vật này đẩy vật kia một lực thì vật kia cũng đẩy ngược lại vật này một lực bằng như vậy nhưng hướng ngược lại.,dung,"['Khi', 'vật', 'A', 'tác_dụng', 'lên', 'vật', 'B', 'một', 'lực', 'thì', 'vật', 'B', 'cũng', 'tác_dụng', 'trở_lại', 'vật', 'A', 'một', 'lực', ';', 'hai', 'lực', 'này', 'cùng', 'giá', ',', 'cùng', 'độ', 'lớn', 'nhưng', 'ngược', 'chiều', '(', 'lực', 'và', 'phản_lực', ')', '.']","['Hễ_vật', 'này', 'đẩy', 'vật', 'kia', 'một', 'lực', 'thì', 'vật', 'kia', 'cũng', 'đẩy', 'ngược_lại', 'vật', 'này', 'một', 'lực', 'bằng', 'như', 'vậy', 'nhưng', 'hướng', 'ngược_lại', '.']",0.05357142857142857,0.2894736842105263,0.631578947368421,0.80697495,0.7114073,0.72491646
11,"Khi vật A tác dụng lên vật B một lực thì vật B cũng tác dụng trở lại vật A một lực; hai lực này cùng giá, cùng độ lớn nhưng ngược chiều (lực và phản lực).","Em hiểu là hai vật tương tác với nhau thì sẽ luôn có một cặp lực xuất hiện đồng thời, hai lực đó bằng nhau về độ lớn, nằm trên cùng một đường thẳng nhưng chiều thì ngược nhau, và chúng không triệt tiêu nhau vì đặt vào hai vật khác nhau.",dung,"['Khi', 'vật', 'A', 'tác_dụng', 'lên', 'vật', 'B', 'một', 'lực', 'thì', 'vật', 'B', 'cũng', 'tác_dụng', 'trở_lại', 'vật', 'A', 'một', 'lực', ';', 'hai', 'lực', 'này', 'cùng', 'giá', ',', 'cùng', 'độ', 'lớn', 'nhưng', 'ngược', 'chiều', '(', 'lực', 'và', 'phản_lực', ')', '.']","['Em', 'hiểu', 'là', 'hai', 'vật', 'tương_tác', 'với', 'nhau', 'thì', 'sẽ', 'luôn', 'có', 'một', 'cặp', 'lực', 'xuất_hiện', 'đồng_thời', ',', 'hai', 'lực', 'đó', 'bằng', 'nhau', 'về', 'độ', 'lớn', ',', 'nằm', 'trên', 'cùng', 'một', 'đường_thẳng', 'nhưng', 'chiều', 'thì', 'ngược', 'nhau', ',', 'và', 'chúng', 'không', 'triệt_tiêu', 'nhau', 'vì', 'đặt', 'vào', 'hai', 'vật', 'khác', 'nhau', '.']",0.011764705882352941,0.3157894736842105,1.3421052631578947,0.7805322,0.6936454,0.6172373
12,"Khi vật A tác dụng lên vật B một lực thì vật B cũng tác dụng trở lại vật A một lực; hai lực này cùng giá, cùng độ lớn nhưng ngược chiều (lực và phản lực).","Khi vật A tác dụng lên vật B một lực thì vật B cũng tác dụng lại vật A một lực, hai lực này cùng giá, cùng độ lớn nhưng ngược chiều.",hoc_vet,"['Khi', 'vật', 'A', 'tác_dụng', 'lên', 'vật', 'B', 'một', 'lực', 'thì', 'vật', 'B', 'cũng', 'tác_dụng', 'trở_lại', 'vật', 'A', 'một', 'lực', ';', 'hai', 'lực', 'này', 'cùng', 'giá', ',', 'cùng', 'độ', 'lớn', 'nhưng', 'ngược', 'chiều', '(', 'lực', 'và', 'phản_lực', ')', '.']","['Khi', 'vật', 'A', 'tác_dụng', 'lên', 'vật', 'B', 'một', 'lực', 'thì', 'vật', 'B', 'cũng', 'tác_dụng', 'lại', 'vật', 'A', 'một', 'lực', ',', 'hai', 'lực', 'này', 'cùng', 'giá', ',', 'cùng', 'độ', 'lớn', 'nhưng', 'ngược', 'chiều', '.']",0.6004983388704319,0.8157894736842105,0.868421052631579,0.98591226,0.98486346,0.96171343
13,"Khi vật A tác dụng lên vật B một lực thì vật B cũng tác dụng trở lại vật A một lực; hai lực này cùng giá, cùng độ lớn nhưng ngược chiều (lực và phản lực).","Vật A tác dụng lên vật B một lực thì vật B tác dụng trở lại vật A một lực, hai lực có cùng độ lớn, cùng giá, ngược chiều nhau.",hoc_vet,"['Khi', 'vật', 'A', 'tác_dụng', 'lên', 'vật', 'B', 'một', 'lực', 'thì', 'vật', 'B', 'cũng', 'tác_dụng', 'trở_lại', 'vật', 'A', 'một', 'lực', ';', 'hai', 'lực', 'này', 'cùng', 'giá', ',', 'cùng', 'độ', 'lớn', 'nhưng', 'ngược', 'chiều', '(', 'lực', 'và', 'phản_lực', ')', '.']","['Vật', 'A', 'tác_dụng', 'lên', 'vật', 'B', 'một', 'lực', 'thì', 'vật', 'B', 'tác_dụng', 'trở_lại', 'vật', 'A', 'một', 'lực', ',', 'hai', 'lực', 'có', 'cùng', 'độ', 'lớn', ',', 'cùng', 'giá', ',', 'ngược', 'chiều', 'nhau', '.']",0.35801963993453356,0.631578947368421,0.8421052631578947,0.98200065,0.9731729,0.96094126
14,"Khi vật A tác dụng lên vật B một lực thì vật B cũng tác dụng trở lại vật A một lực; hai lực này cùng giá, cùng độ lớn nhưng ngược chiều (lực và phản lực).","Định luật 3 Newton nghĩa là hai lực tác dụng và phản tác dụng triệt tiêu nhau nên vật đứng yên, không chuyển động được.",sai,"['Khi', 'vật', 'A', 'tác_dụng', 'lên', 'vật', 'B', 'một', 'lực', 'thì', 'vật', 'B', 'cũng', 'tác_dụng', 'trở_lại', 'vật', 'A', 'một', 'lực', ';', 'hai', 'lực', 'này', 'cùng', 'giá', ',', 'cùng', 'độ', 'lớn', 'nhưng', 'ngược', 'chiều', '(', 'lực', 'và', 'phản_lực', ')', '.']","['Định_luật', '3', 'Newton', 'nghĩa_là', 'hai', 'lực', 'tác_dụng', 'và', 'phản_tác_dụng', 'triệt_tiêu', 'nhau', 'nên', 'vật', 'đứng', 'yên', ',', 'không', 'chuyển_động', 'được', '.']",0.00909090909090909,0.13157894736842105,0.5263157894736842,0.59063697,0.5906249,0.55192083
15,"Động năng là dạng năng lượng mà một vật có được do nó đang chuyển động, có độ lớn bằng Wđ = 1/2 mv², với m là khối lượng và v là vận tốc của vật.","Động năng là năng lượng của vật sinh ra vì nó đang di chuyển, tính bằng nửa khối lượng nhân bình phương vận tốc.",dung,"['Động_năng', 'là', 'dạng', 'năng_lượng', 'mà', 'một', 'vật', 'có', 'được', 'do', 'nó', 'đang', 'chuyển_động', ',', 'có', 'độ', 'lớn', 'bằng', 'Wđ', '=', '1', '/', '2', 'mv²', ',', 'với', 'm', 'là', 'khối_lượng', 'và', 'v', 'là', 'vận_tốc', 'của', 'vật', '.']","['Động_năng', 'là', 'năng_lượng', 'của', 'vật', 'sinh', 'ra', 'vì', 'nó', 'đang', 'di_chuyển', ',', 'tính', 'bằng', 'nửa', 'khối_lượng', 'nhân', 'bình_phương', 'vận_tốc', '.']",0.029411764705882353,0.3055555555555556,0.5555555555555556,0.8571908,0.73142517,0.7776888
16,"Động năng là dạng năng lượng mà một vật có được do nó đang chuyển động, có độ lớn bằng Wđ = 1/2 mv², với m là khối lượng và v là vận tốc của vật.","Theo em thì bất cứ vật gì đang chuyển động đều mang trong mình một loại năng lượng gọi là động năng, giá trị của nó phụ thuộc vào khối lượng vật và đặc biệt phụ thuộc rất mạnh vào vận tốc vì vận tốc bị bình phương lên trong công thức.",dung,"['Động_năng', 'là', 'dạng', 'năng_lượng', 'mà', 'một', 'vật', 'có', 'được', 'do', 'nó', 'đang', 'chuyển_động', ',', 'có', 'độ', 'lớn', 'bằng', 'Wđ', '=', '1', '/', '2', 'mv²', ',', 'với', 'm', 'là', 'khối_lượng', 'và', 'v', 'là', 'vận_tốc', 'của', 'vật', '.']","['Theo', 'em', 'thì', 'bất_cứ', 'vật', 'gì', 'đang', 'chuyển_động', 'đều', 'mang', 'trong', 'mình', 'một', 'loại', 'năng_lượng', 'gọi', 'là', 'động_năng', ',', 'giá_trị', 'của', 'nó', 'phụ_thuộc', 'vào', 'khối_lượng', 'vật', 'và', 'đặc_biệt', 'phụ_thuộc', 'rất', 'mạnh', 'vào', 'vận_tốc', 'vì', 'vận_tốc', 'bị', 'bình_phương', 'lên', 'trong', 'công_thức', '.']",0.006756756756756757,0.2222222222222222,1.1388888888888888,0.79777795,0.75407124,0.6730757
17,"Động năng là dạng năng lượng mà một vật có được do nó đang chuyển động, có độ lớn bằng Wđ = 1/2 mv², với m là khối lượng và v là vận tốc của vật.","Động năng là dạng năng lượng mà vật có được do đang chuyển động, độ lớn bằng Wđ = 1/2 mv², m là khối lượng, v là vận tốc vật.",hoc_vet,"['Động_năng', 'là', 'dạng', 'năng_lượng', 'mà', 'một', 'vật', 'có', 'được', 'do', 'nó', 'đang', 'chuyển_động', ',', 'có', 'độ', 'lớn', 'bằng', 'Wđ', '=', '1', '/', '2', 'mv²', ',', 'với', 'm', 'là', 'khối_lượng', 'và', 'v', 'là', 'vận_tốc', 'của', 'vật', '.']","['Động_năng', 'là', 'dạng', 'năng_lượng', 'mà', 'vật', 'có', 'được', 'do', 'đang', 'chuyển_động', ',', 'độ', 'lớn', 'bằng', 'Wđ', '=', '1', '/', '2', 'mv²', ',', 'm', 'là', 'khối_lượng', ',', 'v', 'là', 'vận_tốc', 'vật', '.']",0.44402228976697067,0.8333333333333334,0.8611111111111112,0.99464345,0.99043816,0.9816309
18,"Động năng là dạng năng lượng mà một vật có được do nó đang chuyển động, có độ lớn bằng Wđ = 1/2 mv², với m là khối lượng và v là vận tốc của vật.","Động năng là năng lượng của một vật có được do vật đang chuyển động, tính bằng công thức 1/2 mv² với m khối lượng và v vận tốc.",hoc_vet,"['Động_năng', 'là', 'dạng', 'năng_lượng', 'mà', 'một', 'vật', 'có', 'được', 'do', 'nó', 'đang', 'chuyển_động', ',', 'có', 'độ', 'lớn', 'bằng', 'Wđ', '=', '1', '/', '2', 'mv²', ',', 'với', 'm', 'là', 'khối_lượng', 'và', 'v', 'là', 'vận_tốc', 'của', 'vật', '.']","['Động_năng', 'là', 'năng_lượng', 'của', 'một', 'vật', 'có', 'được', 'do', 'vật', 'đang', 'chuyển_động', ',', 'tính', 'bằng', 'công_thức', '1', '/', '2', 'mv²', 'với', 'm', 'khối_lượng', 'và', 'v', 'vận_tốc', '.']",0.20272435897435898,0.6388888888888888,0.75,0.9638957,0.9562568,0.8875596
19,"Động năng là dạng năng lượng mà một vật có được do nó đang chuyển động, có độ lớn bằng Wđ = 1/2 mv², với m là khối lượng và v là vận tốc của vật.","Động năng là năng lượng vật có do vị trí của nó ở trên cao so với mặt đất, tính bằng m nhân g nhân độ cao.",sai,"['Động_năng', 'là', 'dạng', 'năng_lượng', 'mà', 'một', 'vật', 'có', 'được', 'do', 'nó', 'đang', 'chuyển_động', ',', 'có', 'độ', 'lớn', 'bằng', 'Wđ', '=', '1', '/', '2', 'mv²', ',', 'với', 'm', 'là', 'khối_lượng', 'và', 'v', 'là', 'vận_tốc', 'của', 'vật', '.']","['Động_năng', 'là', 'năng_lượng', 'vật', 'có', 'do', 'vị_trí', 'của', 'nó', 'ở', 'trên', 'cao', 'so', 'với', 'mặt_đất', ',', 'tính', 'bằng', 'm', 'nhân', 'g', 'nhân', 'độ', 'cao', '.']",0.017543859649122806,0.3055555555555556,0.6944444444444444,0.739755,0.67797285,0.6941026
20,"Thế năng trọng trường của một vật là năng lượng vật có do vị trí của nó trong trọng trường, được xác định bằng Wt = mgz, với z là độ cao của vật so với mốc thế năng.","Thế năng trọng trường là năng lượng vật có được vì nó đang ở một độ cao nào đó so với mặt đất, càng lên cao thì thế năng càng lớn.",dung,"['Thế_năng', 'trọng_trường', 'của', 'một', 'vật', 'là', 'năng_lượng', 'vật', 'có', 'do', 'vị_trí', 'của', 'nó', 'trong', 'trọng_trường', ',', 'được', 'xác_định', 'bằng', 'Wt', '=', 'mgz', ',', 'với', 'z', 'là', 'độ', 'cao', 'của', 'vật', 'so', 'với', 'mốc', 'thế_năng', '.']","['Thế_năng', 'trọng_trường', 'là', 'năng_lượng', 'vật', 'có', 'được', 'vì', 'nó', 'đang', 'ở', 'một', 'độ', 'cao', 'nào', 'đó', 'so', 'với', 'mặt_đất', ',', 'càng', 'lên', 'cao', 'thì', 'thế_năng', 'càng', 'lớn', '.']",0.07208931419457734,0.37142857142857144,0.8,0.719615,0.6030046,0.75689024
21,"Thế năng trọng trường của một vật là năng lượng vật có do vị trí của nó trong trọng trường, được xác định bằng Wt = mgz, với z là độ cao của vật so với mốc thế năng.","Em nghĩ thế năng trọng trường xuất hiện là do vị trí của vật trong trường hấp dẫn của Trái Đất, nếu vật ở càng xa mốc chọn làm gốc thường là mặt đất thì thế năng càng lớn, công thức tính là khối lượng nhân gia tốc trọng trường nhân độ cao.",dung,"['Thế_năng', 'trọng_trường', 'của', 'một', 'vật', 'là', 'năng_lượng', 'vật', 'có', 'do', 'vị_trí', 'của', 'nó', 'trong', 'trọng_trường', ',', 'được', 'xác_định', 'bằng', 'Wt', '=', 'mgz', ',', 'với', 'z', 'là', 'độ', 'cao', 'của', 'vật', 'so', 'với', 'mốc', 'thế_năng', '.']","['Em', 'nghĩ', 'thế_năng', 'trọng_trường', 'xuất_hiện', 'là', 'do', 'vị_trí', 'của', 'vật', 'trong', 'trường', 'hấp_dẫn', 'của', 'Trái_Đất', ',', 'nếu', 'vật', 'ở', 'càng', 'xa', 'mốc', 'chọn', 'làm', 'gốc', 'thường', 'là', 'mặt_đất', 'thì', 'thế_năng', 'càng', 'lớn', ',', 'công_thức', 'tính', 'là', 'khối_lượng', 'nhân', 'gia_tốc', 'trọng_trường', 'nhân', 'độ', 'cao', '.']",0.03415401703072936,0.34285714285714286,1.2571428571428571,0.7129249,0.42815623,0.76054823
22,"Thế năng trọng trường của một vật là năng lượng vật có do vị trí của nó trong trọng trường, được xác định bằng Wt = mgz, với z là độ cao của vật so với mốc thế năng.","Thế năng trọng trường của vật là năng lượng vật có do vị trí của nó trong trọng trường, xác định bằng Wt = mgz, z là độ cao so với mốc thế năng.",hoc_vet,"['Thế_năng', 'trọng_trường', 'của', 'một', 'vật', 'là', 'năng_lượng', 'vật', 'có', 'do', 'vị_trí', 'của', 'nó', 'trong', 'trọng_trường', ',', 'được', 'xác_định', 'bằng', 'Wt', '=', 'mgz', ',', 'với', 'z', 'là', 'độ', 'cao', 'của', 'vật', 'so', 'với', 'mốc', 'thế_năng', '.']","['Thế_năng', 'trọng_trường', 'của', 'vật', 'là', 'năng_lượng', 'vật', 'có', 'do', 'vị_trí', 'của', 'nó', 'trong', 'trọng_trường', ',', 'xác_định', 'bằng', 'Wt', '=', 'mgz', ',', 'z', 'là', 'độ', 'cao', 'so', 'với', 'mốc', 'thế_năng', '.']",0.5952537903757416,0.8571428571428571,0.8571428571428571,0.99280876,0.9896263,0.98947376
23,"Thế năng trọng trường của một vật là năng lượng vật có do vị trí của nó trong trọng trường, được xác định bằng Wt = mgz, với z là độ cao của vật so với mốc thế năng.","Thế năng trọng trường là năng lượng mà vật có được do vị trí trong trọng trường, tính bằng công thức mgz với z là độ cao so với mốc chọn.",hoc_vet,"['Thế_năng', 'trọng_trường', 'của', 'một', 'vật', 'là', 'năng_lượng', 'vật', 'có', 'do', 'vị_trí', 'của', 'nó', 'trong', 'trọng_trường', ',', 'được', 'xác_định', 'bằng', 'Wt', '=', 'mgz', ',', 'với', 'z', 'là', 'độ', 'cao', 'của', 'vật', 'so', 'với', 'mốc', 'thế_năng', '.']","['Thế_năng', 'trọng_trường', 'là', 'năng_lượng', 'mà', 'vật', 'có', 'được', 'do', 'vị_trí', 'trong', 'trọng_trường', ',', 'tính', 'bằng', 'công_thức', 'mgz', 'với', 'z', 'là', 'độ', 'cao', 'so', 'với', 'mốc', 'chọn', '.']",0.1721698113207547,0.6285714285714286,0.7714285714285715,0.9320784,0.8872362,0.9291467
24,"Thế năng trọng trường của một vật là năng lượng vật có do vị trí của nó trong trọng trường, được xác định bằng Wt = mgz, với z là độ cao của vật so với mốc thế năng.",Thế năng trọng trường là năng lượng vật có được do nó đang chuyển động nhanh hay chậm ở trên cao.,sai,"['Thế_năng', 'trọng_trường', 'của', 'một', 'vật', 'là', 'năng_lượng', 'vật', 'có', 'do', 'vị_trí', 'của', 'nó', 'trong', 'trọng_trường', ',', 'được', 'xác_định', 'bằng', 'Wt', '=', 'mgz', ',', 'với', 'z', 'là', 'độ', 'cao', 'của', 'vật', 'so', 'với', 'mốc', 'thế_năng', '.']","['Thế_năng', 'trọng_trường', 'là', 'năng_lượng', 'vật', 'có', 'được', 'do', 'nó', 'đang', 'chuyển_động', 'nhanh', 'hay', 'chậm', 'ở', 'trên', 'cao', '.']",0.06382978723404255,0.2857142857142857,0.5142857142857142,0.720529,0.5589912,0.6938913
25,"Trong quá trình chuyển động, nếu vật chỉ chịu tác dụng của trọng lực (không có lực ma sát, lực cản), thì cơ năng của vật là đại lượng bảo toàn, tức là tổng động năng và thế năng không đổi.","Nếu không có ma sát hay lực cản gì thì tổng động năng cộng thế năng của vật lúc nào cũng như nhau, năng lượng chỉ chuyển từ dạng này sang dạng kia thôi.",dung,"['Trong', 'quá_trình', 'chuyển_động', ',', 'nếu', 'vật', 'chỉ', 'chịu', 'tác_dụng', 'của', 'trọng_lực', '(', 'không', 'có', 'lực', 'ma_sát', ',', 'lực', 'cản', ')', ',', 'thì', 'cơ_năng', 'của', 'vật', 'là', 'đại_lượng', 'bảo_toàn', ',', 'tức_là', 'tổng_động_năng', 'và', 'thế_năng', 'không', 'đổi', '.']","['Nếu', 'không', 'có', 'ma_sát', 'hay', 'lực', 'cản', 'gì', 'thì', 'tổng_động_năng', 'cộng', 'thế_năng', 'của', 'vật', 'lúc_nào', 'cũng', 'như', 'nhau', ',', 'năng_lượng', 'chỉ', 'chuyển', 'từ', 'dạng', 'này', 'sang', 'dạng', 'kia', 'thôi', '.']",0.02459016393442623,0.2777777777777778,0.8333333333333334,0.7739939,0.7269313,0.7490199
26,"Trong quá trình chuyển động, nếu vật chỉ chịu tác dụng của trọng lực (không có lực ma sát, lực cản), thì cơ năng của vật là đại lượng bảo toàn, tức là tổng động năng và thế năng không đổi.","Em hiểu là khi vật rơi hay chuyển động mà chỉ có trọng lực tác dụng, không bị ma sát hay cản trở gì thì cơ năng của nó, tức là động năng cộng với thế năng, sẽ không thay đổi theo thời gian, ví dụ vật rơi xuống thì thế năng giảm nhưng động năng tăng lên tương ứng.",dung,"['Trong', 'quá_trình', 'chuyển_động', ',', 'nếu', 'vật', 'chỉ', 'chịu', 'tác_dụng', 'của', 'trọng_lực', '(', 'không', 'có', 'lực', 'ma_sát', ',', 'lực', 'cản', ')', ',', 'thì', 'cơ_năng', 'của', 'vật', 'là', 'đại_lượng', 'bảo_toàn', ',', 'tức_là', 'tổng_động_năng', 'và', 'thế_năng', 'không', 'đổi', '.']","['Em', 'hiểu', 'là', 'khi', 'vật', 'rơi', 'hay', 'chuyển_động', 'mà', 'chỉ', 'có', 'trọng_lực', 'tác_dụng', ',', 'không', 'bị', 'ma_sát', 'hay', 'cản_trở', 'gì', 'thì', 'cơ_năng', 'của', 'nó', ',', 'tức_là', 'động_năng', 'cộng', 'với', 'thế_năng', ',', 'sẽ', 'không', 'thay_đổi', 'theo', 'thời_gian', ',', 'ví_dụ', 'vật', 'rơi', 'xuống', 'thì', 'thế_năng', 'giảm', 'nhưng', 'động_năng', 'tăng', 'lên', 'tương_ứng', '.']",0.024691358024691357,0.3611111111111111,1.3888888888888888,0.82434833,0.77388966,0.84335715
27,"Trong quá trình chuyển động, nếu vật chỉ chịu tác dụng của trọng lực (không có lực ma sát, lực cản), thì cơ năng của vật là đại lượng bảo toàn, tức là tổng động năng và thế năng không đổi.","Nếu vật chỉ chịu tác dụng của trọng lực, không có ma sát hay lực cản, thì cơ năng của vật được bảo toàn, tổng động năng và thế năng không đổi.",hoc_vet,"['Trong', 'quá_trình', 'chuyển_động', ',', 'nếu', 'vật', 'chỉ', 'chịu', 'tác_dụng', 'của', 'trọng_lực', '(', 'không', 'có', 'lực', 'ma_sát', ',', 'lực', 'cản', ')', ',', 'thì', 'cơ_năng', 'của', 'vật', 'là', 'đại_lượng', 'bảo_toàn', ',', 'tức_là', 'tổng_động_năng', 'và', 'thế_năng', 'không', 'đổi', '.']","['Nếu', 'vật', 'chỉ', 'chịu', 'tác_dụng', 'của', 'trọng_lực', ',', 'không', 'có', 'ma_sát', 'hay', 'lực', 'cản', ',', 'thì', 'cơ_năng', 'của', 'vật', 'được', 'bảo_toàn', ',', 'tổng_động_năng', 'và', 'thế_năng', 'không', 'đổi', '.']",0.30113378684807257,0.6666666666666666,0.7777777777777778,0.9622924,0.9356287,0.94963646
28,"Trong quá trình chuyển động, nếu vật chỉ chịu tác dụng của trọng lực (không có lực ma sát, lực cản), thì cơ năng của vật là đại lượng bảo toàn, tức là tổng động năng và thế năng không đổi.","Trong quá trình chuyển động nếu vật chỉ chịu trọng lực tác dụng thì cơ năng là đại lượng bảo toàn, động năng và thế năng cộng lại luôn không đổi.",hoc_vet,"['Trong', 'quá_trình', 'chuyển_động', ',', 'nếu', 'vật', 'chỉ', 'chịu', 'tác_dụng', 'của', 'trọng_lực', '(', 'không', 'có', 'lực', 'ma_sát', ',', 'lực', 'cản', ')', ',', 'thì', 'cơ_năng', 'của', 'vật', 'là', 'đại_lượng', 'bảo_toàn', ',', 'tức_là', 'tổng_động_năng', 'và', 'thế_năng', 'không', 'đổi', '.']","['Trong', 'quá_trình', 'chuyển_động', 'nếu', 'vật', 'chỉ', 'chịu', 'trọng_lực', 'tác_dụng', 'thì', 'cơ_năng', 'là', 'đại_lượng', 'bảo_toàn', ',', 'động_năng', 'và', 'thế_năng', 'cộng', 'lại', 'luôn', 'không', 'đổi', '.']",0.19043478260869565,0.5277777777777778,0.6666666666666666,0.9616422,0.92126226,0.9107479
29,"Trong quá trình chuyển động, nếu vật chỉ chịu tác dụng của trọng lực (không có lực ma sát, lực cản), thì cơ năng của vật là đại lượng bảo toàn, tức là tổng động năng và thế năng không đổi.",Định luật bảo toàn cơ năng nghĩa là dù có ma sát hay không thì tổng động năng và thế năng của vật luôn luôn không đổi trong mọi trường hợp.,sai,"['Trong', 'quá_trình', 'chuyển_động', ',', 'nếu', 'vật', 'chỉ', 'chịu', 'tác_dụng', 'của', 'trọng_lực', '(', 'không', 'có', 'lực', 'ma_sát', ',', 'lực', 'cản', ')', ',', 'thì', 'cơ_năng', 'của', 'vật', 'là', 'đại_lượng', 'bảo_toàn', ',', 'tức_là', 'tổng_động_năng', 'và', 'thế_năng', 'không', 'đổi', '.']","['Định_luật', 'bảo_toàn', 'cơ_năng', 'nghĩa_là', 'dù', 'có', 'ma_sát', 'hay', 'không', 'thì', 'tổng_động_năng', 'và', 'thế_năng', 'của', 'vật', 'luôn_luôn', 'không', 'đổi', 'trong', 'mọi', 'trường_hợp', '.']",0.047895500725689405,0.25,0.6111111111111112,0.702747,0.71216977,0.68633986
30,"Áp suất tại một điểm trong chất lỏng tăng theo độ sâu, được tính bằng p = ρgh, với ρ là khối lượng riêng chất lỏng, g là gia tốc trọng trường và h là độ sâu tính từ mặt thoáng.","Càng xuống sâu trong nước thì áp suất càng lớn, tính bằng khối lượng riêng nhân gia tốc trọng trường nhân độ sâu.",dung,"['Áp_suất', 'tại', 'một', 'điểm', 'trong', 'chất_lỏng', 'tăng', 'theo', 'độ', 'sâu', ',', 'được', 'tính', 'bằng', 'p', '=', 'ρgh', ',', 'với', 'ρ', 'là', 'khối_lượng', 'riêng', 'chất_lỏng', ',', 'g', 'là', 'gia_tốc', 'trọng_trường', 'và', 'h', 'là', 'độ', 'sâu', 'tính', 'từ', 'mặt', 'thoáng', '.']","['Càng', 'xuống', 'sâu', 'trong', 'nước', 'thì', 'áp_suất', 'càng', 'lớn', ',', 'tính', 'bằng', 'khối_lượng', 'riêng', 'nhân', 'gia_tốc', 'trọng_trường', 'nhân', 'độ', 'sâu', '.']",0.037037037037037035,0.28205128205128205,0.5384615384615384,0.6370999,0.47294757,0.58112365
31,"Áp suất tại một điểm trong chất lỏng tăng theo độ sâu, được tính bằng p = ρgh, với ρ là khối lượng riêng chất lỏng, g là gia tốc trọng trường và h là độ sâu tính từ mặt thoáng.","Theo em áp suất ở một điểm trong lòng chất lỏng phụ thuộc vào độ sâu tính từ mặt thoáng xuống, và loại chất lỏng khác nhau thì khối lượng riêng khác nhau nên áp suất cũng khác, công thức chung là p = ρgh.",dung,"['Áp_suất', 'tại', 'một', 'điểm', 'trong', 'chất_lỏng', 'tăng', 'theo', 'độ', 'sâu', ',', 'được', 'tính', 'bằng', 'p', '=', 'ρgh', ',', 'với', 'ρ', 'là', 'khối_lượng', 'riêng', 'chất_lỏng', ',', 'g', 'là', 'gia_tốc', 'trọng_trường', 'và', 'h', 'là', 'độ', 'sâu', 'tính', 'từ', 'mặt', 'thoáng', '.']","['Theo', 'em', 'áp_suất', 'ở', 'một', 'điểm', 'trong', 'lòng', 'chất_lỏng', 'phụ_thuộc', 'vào', 'độ', 'sâu', 'tính', 'từ', 'mặt', 'thoáng', 'xuống', ',', 'và', 'loại', 'chất_lỏng', 'khác', 'nhau', 'thì', 'khối_lượng', 'riêng', 'khác', 'nhau', 'nên', 'áp_suất', 'cũng', 'khác', ',', 'công_thức', 'chung', 'là', 'p', '=', 'ρgh', '.']",0.11638655462184874,0.3333333333333333,1.0512820512820513,0.7790477,0.7676379,0.7087679
32,"Áp suất tại một điểm trong chất lỏng tăng theo độ sâu, được tính bằng p = ρgh, với ρ là khối lượng riêng chất lỏng, g là gia tốc trọng trường và h là độ sâu tính từ mặt thoáng.","Áp suất tại một điểm trong chất lỏng tăng theo độ sâu, tính bằng p = ρgh, với ρ khối lượng riêng chất lỏng, g gia tốc trọng trường, h độ sâu từ mặt thoáng.",hoc_vet,"['Áp_suất', 'tại', 'một', 'điểm', 'trong', 'chất_lỏng', 'tăng', 'theo', 'độ', 'sâu', ',', 'được', 'tính', 'bằng', 'p', '=', 'ρgh', ',', 'với', 'ρ', 'là', 'khối_lượng', 'riêng', 'chất_lỏng', ',', 'g', 'là', 'gia_tốc', 'trọng_trường', 'và', 'h', 'là', 'độ', 'sâu', 'tính', 'từ', 'mặt', 'thoáng', '.']","['Áp_suất', 'tại', 'một', 'điểm', 'trong', 'chất_lỏng', 'tăng', 'theo', 'độ', 'sâu', ',', 'tính', 'bằng', 'p', '=', 'ρgh', ',', 'với', 'ρ', 'khối_lượng', 'riêng', 'chất_lỏng', ',', 'g', 'gia_tốc', 'trọng_trường', ',', 'h', 'độ', 'sâu', 'từ', 'mặt', 'thoáng', '.']",0.4929705215419501,0.8461538461538461,0.8717948717948718,0.97635883,0.97465885,0.9532607
33,"Áp suất tại một điểm trong chất lỏng tăng theo độ sâu, được tính bằng p = ρgh, với ρ là khối lượng riêng chất lỏng, g là gia tốc trọng trường và h là độ sâu tính từ mặt thoáng.","Áp suất trong lòng chất lỏng tăng dần theo độ sâu, được tính bằng công thức p = ρgh trong đó h là độ sâu tính từ mặt thoáng chất lỏng.",hoc_vet,"['Áp_suất', 'tại', 'một', 'điểm', 'trong', 'chất_lỏng', 'tăng', 'theo', 'độ', 'sâu', ',', 'được', 'tính', 'bằng', 'p', '=', 'ρgh', ',', 'với', 'ρ', 'là', 'khối_lượng', 'riêng', 'chất_lỏng', ',', 'g', 'là', 'gia_tốc', 'trọng_trường', 'và', 'h', 'là', 'độ', 'sâu', 'tính', 'từ', 'mặt', 'thoáng', '.']","['Áp_suất', 'trong', 'lòng', 'chất_lỏng', 'tăng', 'dần', 'theo', 'độ', 'sâu', ',', 'được', 'tính', 'bằng', 'công_thức', 'p', '=', 'ρgh', 'trong', 'đó', 'h', 'là', 'độ', 'sâu', 'tính', 'từ', 'mặt', 'thoáng', 'chất_lỏng', '.']",0.2753846153846154,0.5897435897435898,0.7435897435897436,0.91140425,0.91879547,0.8952037
34,"Áp suất tại một điểm trong chất lỏng tăng theo độ sâu, được tính bằng p = ρgh, với ρ là khối lượng riêng chất lỏng, g là gia tốc trọng trường và h là độ sâu tính từ mặt thoáng.","Áp suất chất lỏng phụ thuộc vào hình dạng của bình chứa, bình càng to càng rộng thì áp suất ở đáy càng lớn.",sai,"['Áp_suất', 'tại', 'một', 'điểm', 'trong', 'chất_lỏng', 'tăng', 'theo', 'độ', 'sâu', ',', 'được', 'tính', 'bằng', 'p', '=', 'ρgh', ',', 'với', 'ρ', 'là', 'khối_lượng', 'riêng', 'chất_lỏng', ',', 'g', 'là', 'gia_tốc', 'trọng_trường', 'và', 'h', 'là', 'độ', 'sâu', 'tính', 'từ', 'mặt', 'thoáng', '.']","['Áp_suất', 'chất_lỏng', 'phụ_thuộc', 'vào', 'hình_dạng', 'của', 'bình', 'chứa', ',', 'bình', 'càng', 'to', 'càng', 'rộng', 'thì', 'áp_suất', 'ở', 'đáy', 'càng', 'lớn', '.']",0.0,0.10256410256410256,0.5384615384615384,0.58868265,0.62665904,0.64513195
35,Nguyên tử gồm hạt nhân mang điện tích dương nằm ở trung tâm (chứa proton mang điện dương và neutron không mang điện) và lớp vỏ electron mang điện âm chuyển động xung quanh hạt nhân.,"Nguyên tử có phần lõi ở giữa gồm proton và neutron, còn electron thì bay xung quanh ở lớp vỏ bên ngoài.",dung,"['Nguyên_tử', 'gồm', 'hạt_nhân', 'mang', 'điện_tích', 'dương', 'nằm', 'ở', 'trung_tâm', '(', 'chứa', 'proton', 'mang', 'điện', 'dương', 'và', 'neutron', 'không', 'mang', 'điện', ')', 'và', 'lớp', 'vỏ', 'electron', 'mang', 'điện', 'âm', 'chuyển_động', 'xung_quanh', 'hạt_nhân', '.']","['Nguyên_tử', 'có', 'phần', 'lõi', 'ở', 'giữa', 'gồm', 'proton', 'và', 'neutron', ',', 'còn', 'electron', 'thì', 'bay', 'xung_quanh', 'ở', 'lớp', 'vỏ', 'bên', 'ngoài', '.']",0.02,0.25,0.6875,0.8943897,0.864612,0.8847861
36,Nguyên tử gồm hạt nhân mang điện tích dương nằm ở trung tâm (chứa proton mang điện dương và neutron không mang điện) và lớp vỏ electron mang điện âm chuyển động xung quanh hạt nhân.,"Em hiểu là ở giữa nguyên tử có một hạt nhân rất nhỏ nhưng nặng, trong đó chứa proton tích điện dương và neutron không tích điện, còn xung quanh hạt nhân đó là các electron mang điện âm chuyển động rất nhanh tạo thành lớp vỏ.",dung,"['Nguyên_tử', 'gồm', 'hạt_nhân', 'mang', 'điện_tích', 'dương', 'nằm', 'ở', 'trung_tâm', '(', 'chứa', 'proton', 'mang', 'điện', 'dương', 'và', 'neutron', 'không', 'mang', 'điện', ')', 'và', 'lớp', 'vỏ', 'electron', 'mang', 'điện', 'âm', 'chuyển_động', 'xung_quanh', 'hạt_nhân', '.']","['Em', 'hiểu', 'là', 'ở', 'giữa', 'nguyên_tử', 'có', 'một', 'hạt_nhân', 'rất', 'nhỏ', 'nhưng', 'nặng', ',', 'trong', 'đó', 'chứa', 'proton', 'tích', 'điện', 'dương', 'và', 'neutron', 'không', 'tích', 'điện', ',', 'còn', 'xung_quanh', 'hạt_nhân', 'đó', 'là', 'các', 'electron', 'mang', 'điện', 'âm', 'chuyển_động', 'rất', 'nhanh', 'tạo', 'thành', 'lớp', 'vỏ', '.']",0.13071361940298507,0.46875,1.40625,0.91698384,0.8539814,0.9377571
37,Nguyên tử gồm hạt nhân mang điện tích dương nằm ở trung tâm (chứa proton mang điện dương và neutron không mang điện) và lớp vỏ electron mang điện âm chuyển động xung quanh hạt nhân.,"Nguyên tử gồm hạt nhân mang điện dương ở trung tâm chứa proton điện dương và neutron không mang điện, và lớp vỏ electron mang điện âm chuyển động quanh hạt nhân.",hoc_vet,"['Nguyên_tử', 'gồm', 'hạt_nhân', 'mang', 'điện_tích', 'dương', 'nằm', 'ở', 'trung_tâm', '(', 'chứa', 'proton', 'mang', 'điện', 'dương', 'và', 'neutron', 'không', 'mang', 'điện', ')', 'và', 'lớp', 'vỏ', 'electron', 'mang', 'điện', 'âm', 'chuyển_động', 'xung_quanh', 'hạt_nhân', '.']","['Nguyên_tử', 'gồm', 'hạt_nhân', 'mang', 'điện', 'dương', 'ở', 'trung_tâm', 'chứa', 'proton', 'điện', 'dương', 'và', 'neutron', 'không', 'mang', 'điện', ',', 'và', 'lớp', 'vỏ', 'electron', 'mang', 'điện', 'âm', 'chuyển_động', 'quanh', 'hạt_nhân', '.']",0.419200954084675,0.8125,0.90625,0.99053776,0.9725114,0.9854602
38,Nguyên tử gồm hạt nhân mang điện tích dương nằm ở trung tâm (chứa proton mang điện dương và neutron không mang điện) và lớp vỏ electron mang điện âm chuyển động xung quanh hạt nhân.,"Nguyên tử có hạt nhân mang điện tích dương nằm ở giữa gồm proton và neutron, lớp vỏ bên ngoài là các electron mang điện âm bay xung quanh.",hoc_vet,"['Nguyên_tử', 'gồm', 'hạt_nhân', 'mang', 'điện_tích', 'dương', 'nằm', 'ở', 'trung_tâm', '(', 'chứa', 'proton', 'mang', 'điện', 'dương', 'và', 'neutron', 'không', 'mang', 'điện', ')', 'và', 'lớp', 'vỏ', 'electron', 'mang', 'điện', 'âm', 'chuyển_động', 'xung_quanh', 'hạt_nhân', '.']","['Nguyên_tử', 'có', 'hạt_nhân', 'mang', 'điện_tích', 'dương', 'nằm', 'ở', 'giữa', 'gồm', 'proton', 'và', 'neutron', ',', 'lớp', 'vỏ', 'bên', 'ngoài', 'là', 'các', 'electron', 'mang', 'điện', 'âm', 'bay', 'xung_quanh', '.']",0.16760746851932262,0.5625,0.84375,0.96982205,0.944537,0.9416694
39,Nguyên tử gồm hạt nhân mang điện tích dương nằm ở trung tâm (chứa proton mang điện dương và neutron không mang điện) và lớp vỏ electron mang điện âm chuyển động xung quanh hạt nhân.,"Nguyên tử gồm hạt nhân ở giữa chứa proton và electron, còn neutron thì bay ở lớp vỏ bên ngoài mang điện âm.",sai,"['Nguyên_tử', 'gồm', 'hạt_nhân', 'mang', 'điện_tích', 'dương', 'nằm', 'ở', 'trung_tâm', '(', 'chứa', 'proton', 'mang', 'điện', 'dương', 'và', 'neutron', 'không', 'mang', 'điện', ')', 'và', 'lớp', 'vỏ', 'electron', 'mang', 'điện', 'âm', 'chuyển_động', 'xung_quanh', 'hạt_nhân', '.']","['Nguyên_tử', 'gồm', 'hạt_nhân', 'ở', 'giữa', 'chứa', 'proton', 'và', 'electron', ',', 'còn', 'neutron', 'thì', 'bay', 'ở', 'lớp', 'vỏ', 'bên', 'ngoài', 'mang', 'điện', 'âm', '.']",0.08423795049934867,0.4375,0.71875,0.9437651,0.8932035,0.92390347
40,"Liên kết ion là liên kết được hình thành bởi lực hút tĩnh điện giữa các ion mang điện tích trái dấu, thường tạo thành khi nguyên tử kim loại nhường electron cho nguyên tử phi kim.","Liên kết ion là kiểu liên kết mà một nguyên tử cho hẳn electron cho nguyên tử kia, tạo thành hai ion trái dấu rồi hút nhau.",dung,"['Liên_kết', 'ion', 'là', 'liên_kết', 'được', 'hình_thành', 'bởi', 'lực', 'hút', 'tĩnh_điện', 'giữa', 'các', 'ion', 'mang', 'điện_tích', 'trái', 'dấu', ',', 'thường', 'tạo', 'thành', 'khi', 'nguyên_tử', 'kim_loại', 'nhường', 'electron', 'cho', 'nguyên_tử', 'phi_kim', '.']","['Liên_kết', 'ion', 'là', 'kiểu', 'liên_kết', 'mà', 'một', 'nguyên_tử', 'cho', 'hẳn', 'electron', 'cho', 'nguyên_tử', 'kia', ',', 'tạo', 'thành', 'hai', 'ion', 'trái', 'dấu', 'rồi', 'hút', 'nhau', '.']",0.08423795049934867,0.3,0.8333333333333334,0.9083496,0.88043135,0.83275497
41,"Liên kết ion là liên kết được hình thành bởi lực hút tĩnh điện giữa các ion mang điện tích trái dấu, thường tạo thành khi nguyên tử kim loại nhường electron cho nguyên tử phi kim.","Theo em thì liên kết ion xảy ra khi một nguyên tử, thường là kim loại, nhường hẳn electron của mình cho một nguyên tử phi kim, sau đó nguyên tử kim loại trở thành ion dương còn phi kim thành ion âm, và hai ion trái dấu này hút nhau bằng lực tĩnh điện tạo nên liên kết.",dung,"['Liên_kết', 'ion', 'là', 'liên_kết', 'được', 'hình_thành', 'bởi', 'lực', 'hút', 'tĩnh_điện', 'giữa', 'các', 'ion', 'mang', 'điện_tích', 'trái', 'dấu', ',', 'thường', 'tạo', 'thành', 'khi', 'nguyên_tử', 'kim_loại', 'nhường', 'electron', 'cho', 'nguyên_tử', 'phi_kim', '.']","['Theo', 'em', 'thì', 'liên_kết', 'ion', 'xảy', 'ra', 'khi', 'một', 'nguyên_tử', ',', 'thường', 'là', 'kim_loại', ',', 'nhường', 'hẳn', 'electron', 'của', 'mình', 'cho', 'một', 'nguyên_tử', 'phi_kim', ',', 'sau', 'đó', 'nguyên_tử', 'kim_loại', 'trở_thành', 'ion', 'dương', 'còn', 'phi_kim', 'thành', 'ion', 'âm', ',', 'và', 'hai', 'ion', 'trái', 'dấu', 'này', 'hút', 'nhau', 'bằng', 'lực', 'tĩnh_điện', 'tạo', 'nên', 'liên_kết', '.']",0.025974025974025976,0.36666666666666664,1.7666666666666666,0.9505197,0.93734795,0.87944484
42,"Liên kết ion là liên kết được hình thành bởi lực hút tĩnh điện giữa các ion mang điện tích trái dấu, thường tạo thành khi nguyên tử kim loại nhường electron cho nguyên tử phi kim.","Liên kết ion là liên kết hình thành bởi lực hút tĩnh điện giữa các ion mang điện tích trái dấu, tạo thành khi nguyên tử kim loại nhường electron cho phi kim.",hoc_vet,"['Liên_kết', 'ion', 'là', 'liên_kết', 'được', 'hình_thành', 'bởi', 'lực', 'hút', 'tĩnh_điện', 'giữa', 'các', 'ion', 'mang', 'điện_tích', 'trái', 'dấu', ',', 'thường', 'tạo', 'thành', 'khi', 'nguyên_tử', 'kim_loại', 'nhường', 'electron', 'cho', 'nguyên_tử', 'phi_kim', '.']","['Liên_kết', 'ion', 'là', 'liên_kết', 'hình_thành', 'bởi', 'lực', 'hút', 'tĩnh_điện', 'giữa', 'các', 'ion', 'mang', 'điện_tích', 'trái', 'dấu', ',', 'tạo', 'thành', 'khi', 'nguyên_tử', 'kim_loại', 'nhường', 'electron', 'cho', 'phi_kim', '.']",0.6387867647058824,0.9,0.9,0.99236673,0.98889756,0.989742
43,"Liên kết ion là liên kết được hình thành bởi lực hút tĩnh điện giữa các ion mang điện tích trái dấu, thường tạo thành khi nguyên tử kim loại nhường electron cho nguyên tử phi kim.","Liên kết ion được tạo bởi lực hút tĩnh điện giữa hai ion trái dấu, thường hình thành khi kim loại nhường electron cho nguyên tử phi kim.",hoc_vet,"['Liên_kết', 'ion', 'là', 'liên_kết', 'được', 'hình_thành', 'bởi', 'lực', 'hút', 'tĩnh_điện', 'giữa', 'các', 'ion', 'mang', 'điện_tích', 'trái', 'dấu', ',', 'thường', 'tạo', 'thành', 'khi', 'nguyên_tử', 'kim_loại', 'nhường', 'electron', 'cho', 'nguyên_tử', 'phi_kim', '.']","['Liên_kết', 'ion', 'được', 'tạo', 'bởi', 'lực', 'hút', 'tĩnh_điện', 'giữa', 'hai', 'ion', 'trái', 'dấu', ',', 'thường', 'hình_thành', 'khi', 'kim_loại', 'nhường', 'electron', 'cho', 'nguyên_tử', 'phi_kim', '.']",0.3092105263157895,0.7,0.8,0.96998614,0.9685628,0.94988203
44,"Liên kết ion là liên kết được hình thành bởi lực hút tĩnh điện giữa các ion mang điện tích trái dấu, thường tạo thành khi nguyên tử kim loại nhường electron cho nguyên tử phi kim.","Liên kết ion là liên kết mà hai nguyên tử góp chung electron với nhau để cùng đạt cấu hình bền, giống như hai bên chia sẻ electron.",sai,"['Liên_kết', 'ion', 'là', 'liên_kết', 'được', 'hình_thành', 'bởi', 'lực', 'hút', 'tĩnh_điện', 'giữa', 'các', 'ion', 'mang', 'điện_tích', 'trái', 'dấu', ',', 'thường', 'tạo', 'thành', 'khi', 'nguyên_tử', 'kim_loại', 'nhường', 'electron', 'cho', 'nguyên_tử', 'phi_kim', '.']","['Liên_kết', 'ion', 'là', 'liên_kết', 'mà', 'hai', 'nguyên_tử', 'góp', 'chung', 'electron', 'với', 'nhau', 'để', 'cùng', 'đạt', 'cấu_hình', 'bền', ',', 'giống', 'như', 'hai', 'bên', 'chia_sẻ', 'electron', '.']",0.050408163265306116,0.23333333333333334,0.8333333333333334,0.8599522,0.80241126,0.7920222
45,Liên kết cộng hóa trị là liên kết được hình thành giữa hai nguyên tử bằng một hay nhiều cặp electron dùng chung.,Liên kết cộng hóa trị là khi hai nguyên tử góp chung electron với nhau chứ không cho hẳn.,dung,"['Liên_kết', 'cộng_hóa_trị', 'là', 'liên_kết', 'được', 'hình_thành', 'giữa', 'hai', 'nguyên_tử', 'bằng', 'một', 'hay', 'nhiều', 'cặp', 'electron', 'dùng', 'chung', '.']","['Liên_kết', 'cộng_hóa_trị', 'là', 'khi', 'hai', 'nguyên_tử', 'góp', 'chung', 'electron', 'với', 'nhau', 'chứ', 'không', 'cho', 'hẳn', '.']",0.06896551724137931,0.3888888888888889,0.8888888888888888,0.9534588,0.91202307,0.8406077
46,Liên kết cộng hóa trị là liên kết được hình thành giữa hai nguyên tử bằng một hay nhiều cặp electron dùng chung.,"Em nghĩ liên kết cộng hóa trị khác với liên kết ion ở chỗ hai nguyên tử tham gia liên kết không nhường hẳn electron cho nhau mà cùng góp chung một hoặc nhiều cặp electron để dùng chung, nhờ vậy cả hai đều đạt được cấu hình electron bền vững hơn.",dung,"['Liên_kết', 'cộng_hóa_trị', 'là', 'liên_kết', 'được', 'hình_thành', 'giữa', 'hai', 'nguyên_tử', 'bằng', 'một', 'hay', 'nhiều', 'cặp', 'electron', 'dùng', 'chung', '.']","['Em', 'nghĩ', 'liên_kết', 'cộng_hóa_trị', 'khác', 'với', 'liên_kết', 'ion', 'ở', 'chỗ', 'hai', 'nguyên_tử', 'tham_gia', 'liên_kết', 'không', 'nhường', 'hẳn', 'electron', 'cho', 'nhau', 'mà', 'cùng', 'góp', 'chung', 'một', 'hoặc', 'nhiều', 'cặp', 'electron', 'để', 'dùng', 'chung', ',', 'nhờ', 'vậy', 'cả', 'hai', 'đều', 'đạt', 'được', 'cấu_hình', 'electron', 'bền_vững', 'hơn', '.']",0.04370840895341803,0.6111111111111112,2.5,0.84856004,0.8499343,0.8246571
47,Liên kết cộng hóa trị là liên kết được hình thành giữa hai nguyên tử bằng một hay nhiều cặp electron dùng chung.,Liên kết cộng hóa trị là liên kết hình thành giữa hai nguyên tử bằng một hoặc nhiều cặp electron dùng chung.,hoc_vet,"['Liên_kết', 'cộng_hóa_trị', 'là', 'liên_kết', 'được', 'hình_thành', 'giữa', 'hai', 'nguyên_tử', 'bằng', 'một', 'hay', 'nhiều', 'cặp', 'electron', 'dùng', 'chung', '.']","['Liên_kết', 'cộng_hóa_trị', 'là', 'liên_kết', 'hình_thành', 'giữa', 'hai', 'nguyên_tử', 'bằng', 'một', 'hoặc', 'nhiều', 'cặp', 'electron', 'dùng', 'chung', '.']",0.5630952380952381,0.8888888888888888,0.9444444444444444,0.9985473,0.9935338,0.9945266
48,Liên kết cộng hóa trị là liên kết được hình thành giữa hai nguyên tử bằng một hay nhiều cặp electron dùng chung.,Liên kết cộng hóa trị được tạo thành giữa hai nguyên tử nhờ một hay nhiều cặp electron chung.,hoc_vet,"['Liên_kết', 'cộng_hóa_trị', 'là', 'liên_kết', 'được', 'hình_thành', 'giữa', 'hai', 'nguyên_tử', 'bằng', 'một', 'hay', 'nhiều', 'cặp', 'electron', 'dùng', 'chung', '.']","['Liên_kết', 'cộng_hóa_trị', 'được', 'tạo', 'thành', 'giữa', 'hai', 'nguyên_tử', 'nhờ', 'một', 'hay', 'nhiều', 'cặp', 'electron', 'chung', '.']",0.24358974358974358,0.7222222222222222,0.8888888888888888,0.963194,0.97092843,0.94339436
49,Liên kết cộng hóa trị là liên kết được hình thành giữa hai nguyên tử bằng một hay nhiều cặp electron dùng chung.,Liên kết cộng hóa trị là liên kết mà một nguyên tử nhường hẳn electron của mình cho nguyên tử kia để tạo thành ion.,sai,"['Liên_kết', 'cộng_hóa_trị', 'là', 'liên_kết', 'được', 'hình_thành', 'giữa', 'hai', 'nguyên_tử', 'bằng', 'một', 'hay', 'nhiều', 'cặp', 'electron', 'dùng', 'chung', '.']","['Liên_kết', 'cộng_hóa_trị', 'là', 'liên_kết', 'mà', 'một', 'nguyên_tử', 'nhường', 'hẳn', 'electron', 'của', 'mình', 'cho', 'nguyên_tử', 'kia', 'để', 'tạo', 'thành', 'ion', '.']",0.07670454545454546,0.3888888888888889,1.1111111111111112,0.89179915,0.87392974,0.74914765
50,"Trong một chu kì, theo chiều tăng của điện tích hạt nhân, tính kim loại giảm dần; trong một nhóm A, theo chiều tăng của điện tích hạt nhân, tính kim loại tăng dần.","Đi từ trái sang phải trong một hàng thì tính kim loại yếu dần, còn đi từ trên xuống dưới trong một cột thì tính kim loại mạnh lên.",dung,"['Trong', 'một', 'chu_kì', ',', 'theo', 'chiều', 'tăng', 'của', 'điện_tích', 'hạt_nhân', ',', 'tính', 'kim_loại', 'giảm', 'dần', ';', 'trong', 'một', 'nhóm', 'A', ',', 'theo', 'chiều', 'tăng', 'của', 'điện_tích', 'hạt_nhân', ',', 'tính', 'kim_loại', 'tăng', 'dần', '.']","['Đi', 'từ', 'trái', 'sang', 'phải', 'trong', 'một', 'hàng', 'thì', 'tính', 'kim_loại', 'yếu', 'dần', ',', 'còn', 'đi', 'từ', 'trên', 'xuống', 'dưới', 'trong', 'một', 'cột', 'thì', 'tính', 'kim_loại', 'mạnh', 'lên', '.']",0.02631578947368421,0.2727272727272727,0.8787878787878788,0.6274712,0.6577543,0.5286949
51,"Trong một chu kì, theo chiều tăng của điện tích hạt nhân, tính kim loại giảm dần; trong một nhóm A, theo chiều tăng của điện tích hạt nhân, tính kim loại tăng dần.","Theo em thì trong bảng tuần hoàn, nếu xét theo hàng ngang tức chu kì, khi điện tích hạt nhân tăng dần từ trái qua phải thì tính kim loại của nguyên tố giảm dần, ngược lại nếu xét theo cột dọc tức nhóm A, khi đi từ trên xuống dưới thì tính kim loại lại tăng lên.",dung,"['Trong', 'một', 'chu_kì', ',', 'theo', 'chiều', 'tăng', 'của', 'điện_tích', 'hạt_nhân', ',', 'tính', 'kim_loại', 'giảm', 'dần', ';', 'trong', 'một', 'nhóm', 'A', ',', 'theo', 'chiều', 'tăng', 'của', 'điện_tích', 'hạt_nhân', ',', 'tính', 'kim_loại', 'tăng', 'dần', '.']","['Theo', 'em', 'thì', 'trong', 'bảng', 'tuần_hoàn', ',', 'nếu', 'xét', 'theo', 'hàng', 'ngang', 'tức', 'chu_kì', ',', 'khi', 'điện_tích', 'hạt_nhân', 'tăng', 'dần', 'từ', 'trái', 'qua', 'phải', 'thì', 'tính', 'kim_loại', 'của', 'nguyên_tố', 'giảm', 'dần', ',', 'ngược_lại', 'nếu', 'xét', 'theo', 'cột_dọc', 'tức', 'nhóm', 'A', ',', 'khi', 'đi', 'từ', 'trên', 'xuống', 'dưới', 'thì', 'tính', 'kim_loại', 'lại', 'tăng', 'lên', '.']",0.058045612923661706,0.45454545454545453,1.6363636363636365,0.8839542,0.8532633,0.7705464
52,"Trong một chu kì, theo chiều tăng của điện tích hạt nhân, tính kim loại giảm dần; trong một nhóm A, theo chiều tăng của điện tích hạt nhân, tính kim loại tăng dần.","Trong một chu kì, theo chiều tăng điện tích hạt nhân, tính kim loại giảm dần; trong một nhóm A, theo chiều tăng điện tích hạt nhân, tính kim loại tăng dần.",hoc_vet,"['Trong', 'một', 'chu_kì', ',', 'theo', 'chiều', 'tăng', 'của', 'điện_tích', 'hạt_nhân', ',', 'tính', 'kim_loại', 'giảm', 'dần', ';', 'trong', 'một', 'nhóm', 'A', ',', 'theo', 'chiều', 'tăng', 'của', 'điện_tích', 'hạt_nhân', ',', 'tính', 'kim_loại', 'tăng', 'dần', '.']","['Trong', 'một', 'chu_kì', ',', 'theo', 'chiều', 'tăng', 'điện_tích', 'hạt_nhân', ',', 'tính', 'kim_loại', 'giảm', 'dần', ';', 'trong', 'một', 'nhóm', 'A', ',', 'theo', 'chiều', 'tăng', 'điện_tích', 'hạt_nhân', ',', 'tính', 'kim_loại', 'tăng', 'dần', '.']",0.76890756302521,0.9393939393939394,0.9393939393939394,0.99271476,0.99517083,0.9921316
53,"Trong một chu kì, theo chiều tăng của điện tích hạt nhân, tính kim loại giảm dần; trong một nhóm A, theo chiều tăng của điện tích hạt nhân, tính kim loại tăng dần.","Trong chu kì theo chiều tăng của điện tích hạt nhân thì tính kim loại giảm, còn trong nhóm A theo chiều tăng điện tích hạt nhân thì tính kim loại tăng dần.",hoc_vet,"['Trong', 'một', 'chu_kì', ',', 'theo', 'chiều', 'tăng', 'của', 'điện_tích', 'hạt_nhân', ',', 'tính', 'kim_loại', 'giảm', 'dần', ';', 'trong', 'một', 'nhóm', 'A', ',', 'theo', 'chiều', 'tăng', 'của', 'điện_tích', 'hạt_nhân', ',', 'tính', 'kim_loại', 'tăng', 'dần', '.']","['Trong', 'chu_kì', 'theo', 'chiều', 'tăng', 'của', 'điện_tích', 'hạt_nhân', 'thì', 'tính', 'kim_loại', 'giảm', ',', 'còn', 'trong', 'nhóm', 'A', 'theo', 'chiều', 'tăng', 'điện_tích', 'hạt_nhân', 'thì', 'tính', 'kim_loại', 'tăng', 'dần', '.']",0.2642045454545454,0.7272727272727273,0.8484848484848485,0.98998475,0.9859002,0.82264435
54,"Trong một chu kì, theo chiều tăng của điện tích hạt nhân, tính kim loại giảm dần; trong một nhóm A, theo chiều tăng của điện tích hạt nhân, tính kim loại tăng dần.","Trong một chu kì, đi từ trái sang phải tính kim loại tăng dần vì điện tích hạt nhân tăng nên hút electron mạnh hơn, còn trong nhóm thì tính kim loại giảm dần khi xuống dưới.",sai,"['Trong', 'một', 'chu_kì', ',', 'theo', 'chiều', 'tăng', 'của', 'điện_tích', 'hạt_nhân', ',', 'tính', 'kim_loại', 'giảm', 'dần', ';', 'trong', 'một', 'nhóm', 'A', ',', 'theo', 'chiều', 'tăng', 'của', 'điện_tích', 'hạt_nhân', ',', 'tính', 'kim_loại', 'tăng', 'dần', '.']","['Trong', 'một', 'chu_kì', ',', 'đi', 'từ', 'trái', 'sang', 'phải', 'tính', 'kim_loại', 'tăng', 'dần', 'vì', 'điện_tích', 'hạt_nhân', 'tăng', 'nên', 'hút', 'electron', 'mạnh', 'hơn', ',', 'còn', 'trong', 'nhóm', 'thì', 'tính', 'kim_loại', 'giảm', 'dần', 'khi', 'xuống', 'dưới', '.']",0.14100985221674878,0.42424242424242425,1.0606060606060606,0.8534889,0.8952063,0.7451377
55,"Phản ứng oxi hóa - khử là phản ứng hóa học trong đó có sự chuyển electron giữa các chất phản ứng, hay nói cách khác có sự thay đổi số oxi hóa của một số nguyên tố.","Phản ứng oxi hóa khử là phản ứng có electron chuyển từ chất này sang chất kia, làm số oxi hóa của các nguyên tố thay đổi.",dung,"['Phản_ứng', 'oxi_hóa', '-', 'khử', 'là', 'phản_ứng_hóa', 'học', 'trong', 'đó', 'có', 'sự', 'chuyển', 'electron', 'giữa', 'các', 'chất', 'phản_ứng', ',', 'hay', 'nói', 'cách', 'khác', 'có', 'sự', 'thay_đổi', 'số', 'oxi_hóa', 'của', 'một', 'số_nguyên_tố', '.']","['Phản_ứng', 'oxi_hóa', 'khử', 'là', 'phản_ứng', 'có', 'electron', 'chuyển', 'từ', 'chất', 'này', 'sang', 'chất', 'kia', ',', 'làm', 'số', 'oxi_hóa', 'của', 'các', 'nguyên_tố', 'thay_đổi', '.']",0.05187074829931972,0.3870967741935484,0.7419354838709677,0.91241544,0.9422071,0.9460678
56,"Phản ứng oxi hóa - khử là phản ứng hóa học trong đó có sự chuyển electron giữa các chất phản ứng, hay nói cách khác có sự thay đổi số oxi hóa của một số nguyên tố.","Em hiểu phản ứng oxi hóa khử là loại phản ứng mà trong đó có chất nhường electron và có chất nhận electron, quá trình nhường electron gọi là oxi hóa còn nhận electron gọi là khử, kết quả là số oxi hóa của các nguyên tố tham gia bị thay đổi so với trước phản ứng.",dung,"['Phản_ứng', 'oxi_hóa', '-', 'khử', 'là', 'phản_ứng_hóa', 'học', 'trong', 'đó', 'có', 'sự', 'chuyển', 'electron', 'giữa', 'các', 'chất', 'phản_ứng', ',', 'hay', 'nói', 'cách', 'khác', 'có', 'sự', 'thay_đổi', 'số', 'oxi_hóa', 'của', 'một', 'số_nguyên_tố', '.']","['Em', 'hiểu', 'phản_ứng', 'oxi_hóa', 'khử', 'là', 'loại', 'phản_ứng', 'mà', 'trong', 'đó', 'có', 'chất', 'nhường', 'electron', 'và', 'có', 'chất', 'nhận', 'electron', ',', 'quá_trình', 'nhường', 'electron', 'gọi', 'là', 'oxi_hóa', 'còn', 'nhận', 'electron', 'gọi', 'là', 'khử', ',', 'kết_quả', 'là', 'số', 'oxi_hóa', 'của', 'các', 'nguyên_tố', 'tham_gia', 'bị', 'thay_đổi', 'so', 'với', 'trước', 'phản_ứng', '.']",0.047760088855979266,0.41935483870967744,1.5806451612903225,0.91573983,0.91470796,0.9033357
57,"Phản ứng oxi hóa - khử là phản ứng hóa học trong đó có sự chuyển electron giữa các chất phản ứng, hay nói cách khác có sự thay đổi số oxi hóa của một số nguyên tố.","Phản ứng oxi hóa - khử là phản ứng hóa học có sự chuyển electron giữa các chất phản ứng, tức là có sự thay đổi số oxi hóa của một số nguyên tố.",hoc_vet,"['Phản_ứng', 'oxi_hóa', '-', 'khử', 'là', 'phản_ứng_hóa', 'học', 'trong', 'đó', 'có', 'sự', 'chuyển', 'electron', 'giữa', 'các', 'chất', 'phản_ứng', ',', 'hay', 'nói', 'cách', 'khác', 'có', 'sự', 'thay_đổi', 'số', 'oxi_hóa', 'của', 'một', 'số_nguyên_tố', '.']","['Phản_ứng', 'oxi_hóa', '-', 'khử', 'là', 'phản_ứng_hóa', 'học', 'có', 'sự', 'chuyển', 'electron', 'giữa', 'các', 'chất', 'phản_ứng', ',', 'tức_là', 'có', 'sự', 'thay_đổi', 'số', 'oxi_hóa', 'của', 'một', 'số_nguyên_tố', '.']",0.6127450980392157,0.8064516129032258,0.8387096774193549,0.99482954,0.9950797,0.99096
58,"Phản ứng oxi hóa - khử là phản ứng hóa học trong đó có sự chuyển electron giữa các chất phản ứng, hay nói cách khác có sự thay đổi số oxi hóa của một số nguyên tố.","Phản ứng oxi hóa khử là phản ứng trong đó có sự chuyển electron giữa các chất, hay có sự thay đổi số oxi hóa của một vài nguyên tố tham gia.",hoc_vet,"['Phản_ứng', 'oxi_hóa', '-', 'khử', 'là', 'phản_ứng_hóa', 'học', 'trong', 'đó', 'có', 'sự', 'chuyển', 'electron', 'giữa', 'các', 'chất', 'phản_ứng', ',', 'hay', 'nói', 'cách', 'khác', 'có', 'sự', 'thay_đổi', 'số', 'oxi_hóa', 'của', 'một', 'số_nguyên_tố', '.']","['Phản_ứng', 'oxi_hóa', 'khử', 'là', 'phản_ứng', 'trong', 'đó', 'có', 'sự', 'chuyển', 'electron', 'giữa', 'các', 'chất', ',', 'hay', 'có', 'sự', 'thay_đổi', 'số', 'oxi_hóa', 'của', 'một_vài', 'nguyên_tố', 'tham_gia', '.']",0.3360805860805861,0.7096774193548387,0.8387096774193549,0.96770006,0.97152126,0.9750175
59,"Phản ứng oxi hóa - khử là phản ứng hóa học trong đó có sự chuyển electron giữa các chất phản ứng, hay nói cách khác có sự thay đổi số oxi hóa của một số nguyên tố.",Phản ứng oxi hóa khử là phản ứng mà chất oxi hóa là chất nhường electron còn chất khử là chất nhận electron.,sai,"['Phản_ứng', 'oxi_hóa', '-', 'khử', 'là', 'phản_ứng_hóa', 'học', 'trong', 'đó', 'có', 'sự', 'chuyển', 'electron', 'giữa', 'các', 'chất', 'phản_ứng', ',', 'hay', 'nói', 'cách', 'khác', 'có', 'sự', 'thay_đổi', 'số', 'oxi_hóa', 'của', 'một', 'số_nguyên_tố', '.']","['Phản_ứng', 'oxi_hóa', 'khử', 'là', 'phản_ứng', 'mà', 'chất', 'oxi_hóa', 'là', 'chất', 'nhường', 'electron', 'còn', 'chất_khử', 'là', 'chất', 'nhận', 'electron', '.']",0.021739130434782608,0.22580645161290322,0.6129032258064516,0.8873871,0.9030711,0.89031315
60,"Tế bào nhân thực có màng nhân bao bọc vật chất di truyền tạo thành nhân hoàn chỉnh, và có hệ thống các bào quan có màng bao bọc như ti thể, lục lạp, lưới nội chất, bộ máy Golgi.","Tế bào nhân thực khác tế bào nhân sơ ở chỗ nó có nhân thật, tức là ADN được bọc trong một lớp màng riêng, và còn có nhiều bào quan có màng bao quanh nữa.",dung,"['Tế_bào', 'nhân', 'thực', 'có', 'màng', 'nhân', 'bao_bọc', 'vật_chất', 'di_truyền', 'tạo', 'thành', 'nhân', 'hoàn_chỉnh', ',', 'và', 'có', 'hệ_thống', 'các', 'bào', 'quan', 'có', 'màng', 'bao_bọc', 'như', 'ti_thể', ',', 'lục', 'lạp', ',', 'lưới', 'nội', 'chất', ',', 'bộ_máy', 'Golgi', '.']","['Tế_bào', 'nhân', 'thực', 'khác', 'tế_bào', 'nhân', 'sơ', 'ở', 'chỗ', 'nó', 'có_nhân', 'thật', ',', 'tức_là', 'ADN', 'được', 'bọc', 'trong', 'một', 'lớp', 'màng', 'riêng', ',', 'và', 'còn', 'có', 'nhiều', 'bào', 'quan', 'có', 'màng', 'bao', 'quanh', 'nữa', '.']",0.07105654761904762,0.3333333333333333,0.9722222222222222,0.8133551,0.8080159,0.7734071
61,"Tế bào nhân thực có màng nhân bao bọc vật chất di truyền tạo thành nhân hoàn chỉnh, và có hệ thống các bào quan có màng bao bọc như ti thể, lục lạp, lưới nội chất, bộ máy Golgi.","Theo em điểm đặc trưng của tế bào nhân thực là vật chất di truyền không nằm tự do trong tế bào chất mà được bao bọc bởi màng nhân tạo thành một nhân hoàn chỉnh, ngoài ra bên trong tế bào chất còn có rất nhiều bào quan có màng riêng như ti thể để hô hấp, lục lạp để quang hợp ở thực vật, lưới nội chất và bộ máy Golgi.",dung,"['Tế_bào', 'nhân', 'thực', 'có', 'màng', 'nhân', 'bao_bọc', 'vật_chất', 'di_truyền', 'tạo', 'thành', 'nhân', 'hoàn_chỉnh', ',', 'và', 'có', 'hệ_thống', 'các', 'bào', 'quan', 'có', 'màng', 'bao_bọc', 'như', 'ti_thể', ',', 'lục', 'lạp', ',', 'lưới', 'nội', 'chất', ',', 'bộ_máy', 'Golgi', '.']","['Theo', 'em', 'điểm', 'đặc_trưng', 'của', 'tế_bào', 'nhân', 'thực', 'là', 'vật_chất', 'di_truyền', 'không', 'nằm', 'tự_do', 'trong', 'tế_bào', 'chất', 'mà', 'được', 'bao_bọc', 'bởi', 'màng', 'nhân_tạo', 'thành', 'một', 'nhân', 'hoàn_chỉnh', ',', 'ngoài_ra', 'bên', 'trong', 'tế_bào', 'chất', 'còn', 'có', 'rất', 'nhiều', 'bào', 'quan', 'có', 'màng', 'riêng', 'như', 'ti_thể', 'để', 'hô_hấp', ',', 'lục', 'lạp', 'để', 'quang_hợp', 'ở', 'thực_vật', ',', 'lưới', 'nội', 'chất', 'và', 'bộ_máy', 'Golgi', '.']",0.13444767441860467,0.6944444444444444,1.6944444444444444,0.9125368,0.9083211,0.9262792
62,"Tế bào nhân thực có màng nhân bao bọc vật chất di truyền tạo thành nhân hoàn chỉnh, và có hệ thống các bào quan có màng bao bọc như ti thể, lục lạp, lưới nội chất, bộ máy Golgi.","Tế bào nhân thực có màng nhân bao bọc vật chất di truyền tạo thành nhân hoàn chỉnh, và có các bào quan có màng bao bọc như ti thể, lục lạp, lưới nội chất, bộ máy Golgi.",hoc_vet,"['Tế_bào', 'nhân', 'thực', 'có', 'màng', 'nhân', 'bao_bọc', 'vật_chất', 'di_truyền', 'tạo', 'thành', 'nhân', 'hoàn_chỉnh', ',', 'và', 'có', 'hệ_thống', 'các', 'bào', 'quan', 'có', 'màng', 'bao_bọc', 'như', 'ti_thể', ',', 'lục', 'lạp', ',', 'lưới', 'nội', 'chất', ',', 'bộ_máy', 'Golgi', '.']","['Tế_bào', 'nhân', 'thực', 'có', 'màng', 'nhân', 'bao_bọc', 'vật_chất', 'di_truyền', 'tạo', 'thành', 'nhân', 'hoàn_chỉnh', ',', 'và', 'có', 'các', 'bào', 'quan', 'có', 'màng', 'bao_bọc', 'như', 'ti_thể', ',', 'lục', 'lạp', ',', 'lưới', 'nội', 'chất', ',', 'bộ_máy', 'Golgi', '.']",0.8888888888888888,0.9722222222222222,0.9722222222222222,0.99536794,0.9952808,0.99389094
63,"Tế bào nhân thực có màng nhân bao bọc vật chất di truyền tạo thành nhân hoàn chỉnh, và có hệ thống các bào quan có màng bao bọc như ti thể, lục lạp, lưới nội chất, bộ máy Golgi.","Tế bào nhân thực có màng bao bọc vật chất di truyền tạo nhân hoàn chỉnh, và có hệ thống bào quan có màng như ti thể, lục lạp, lưới nội chất, Golgi.",hoc_vet,"['Tế_bào', 'nhân', 'thực', 'có', 'màng', 'nhân', 'bao_bọc', 'vật_chất', 'di_truyền', 'tạo', 'thành', 'nhân', 'hoàn_chỉnh', ',', 'và', 'có', 'hệ_thống', 'các', 'bào', 'quan', 'có', 'màng', 'bao_bọc', 'như', 'ti_thể', ',', 'lục', 'lạp', ',', 'lưới', 'nội', 'chất', ',', 'bộ_máy', 'Golgi', '.']","['Tế_bào', 'nhân', 'thực', 'có', 'màng', 'bao_bọc', 'vật_chất', 'di_truyền', 'tạo', 'nhân', 'hoàn_chỉnh', ',', 'và', 'có', 'hệ_thống', 'bào', 'quan', 'có', 'màng', 'như', 'ti_thể', ',', 'lục', 'lạp', ',', 'lưới', 'nội', 'chất', ',', 'Golgi', '.']",0.5658914728682171,0.8611111111111112,0.8611111111111112,0.9854941,0.98477703,0.9795275
64,"Tế bào nhân thực có màng nhân bao bọc vật chất di truyền tạo thành nhân hoàn chỉnh, và có hệ thống các bào quan có màng bao bọc như ti thể, lục lạp, lưới nội chất, bộ máy Golgi.","Tế bào nhân thực là loại tế bào không có màng nhân bao bọc, vật chất di truyền nằm tự do trong tế bào chất giống như vi khuẩn.",sai,"['Tế_bào', 'nhân', 'thực', 'có', 'màng', 'nhân', 'bao_bọc', 'vật_chất', 'di_truyền', 'tạo', 'thành', 'nhân', 'hoàn_chỉnh', ',', 'và', 'có', 'hệ_thống', 'các', 'bào', 'quan', 'có', 'màng', 'bao_bọc', 'như', 'ti_thể', ',', 'lục', 'lạp', ',', 'lưới', 'nội', 'chất', ',', 'bộ_máy', 'Golgi', '.']","['Tế_bào', 'nhân', 'thực', 'là', 'loại', 'tế_bào', 'không', 'có', 'màng', 'nhân', 'bao_bọc', ',', 'vật_chất', 'di_truyền', 'nằm', 'tự_do', 'trong', 'tế_bào', 'chất', 'giống', 'như', 'vi_khuẩn', '.']",0.08766968325791855,0.3055555555555556,0.6388888888888888,0.7430122,0.7743925,0.8319992
65,"Quang hợp là quá trình lục lạp hấp thụ năng lượng ánh sáng để tổng hợp chất hữu cơ (glucose) từ CO2 và nước, đồng thời giải phóng khí oxi.","Quang hợp là quá trình cây dùng ánh sáng mặt trời để biến CO2 và nước thành đường, rồi thải ra oxi.",dung,"['Quang_hợp', 'là', 'quá_trình', 'lục', 'lạp', 'hấp_thụ', 'năng_lượng', 'ánh_sáng', 'để', 'tổng_hợp_chất', 'hữu_cơ', '(', 'glucose', ')', 'từ', 'CO2', 'và', 'nước', ',', 'đồng_thời', 'giải_phóng', 'khí', 'oxi', '.']","['Quang_hợp', 'là', 'quá_trình', 'cây', 'dùng', 'ánh_sáng', 'mặt_trời', 'để', 'biến', 'CO2', 'và', 'nước', 'thành', 'đường', ',', 'rồi', 'thải', 'ra', 'oxi', '.']",0.09388335704125178,0.4583333333333333,0.8333333333333334,0.87795234,0.7778129,0.792013
66,"Quang hợp là quá trình lục lạp hấp thụ năng lượng ánh sáng để tổng hợp chất hữu cơ (glucose) từ CO2 và nước, đồng thời giải phóng khí oxi.","Em hiểu quang hợp là quá trình diễn ra ở lục lạp của thực vật, trong đó năng lượng ánh sáng mặt trời được hấp thụ và sử dụng để chuyển hóa khí CO2 cùng với nước thành các chất hữu cơ như glucose để nuôi cây, và trong quá trình này khí oxi được thải ra môi trường.",dung,"['Quang_hợp', 'là', 'quá_trình', 'lục', 'lạp', 'hấp_thụ', 'năng_lượng', 'ánh_sáng', 'để', 'tổng_hợp_chất', 'hữu_cơ', '(', 'glucose', ')', 'từ', 'CO2', 'và', 'nước', ',', 'đồng_thời', 'giải_phóng', 'khí', 'oxi', '.']","['Em', 'hiểu', 'quang_hợp', 'là', 'quá_trình_diễn', 'ra', 'ở', 'lục', 'lạp', 'của', 'thực_vật', ',', 'trong', 'đó', 'năng_lượng', 'ánh_sáng', 'mặt_trời', 'được', 'hấp_thụ', 'và', 'sử_dụng', 'để', 'chuyển_hóa', 'khí', 'CO2', 'cùng', 'với', 'nước', 'thành', 'các', 'chất', 'hữu_cơ', 'như', 'glucose', 'để', 'nuôi', 'cây', ',', 'và', 'trong', 'quá_trình', 'này', 'khí', 'oxi', 'được', 'thải', 'ra', 'môi_trường', '.']",0.022058823529411766,0.5,2.0416666666666665,0.8151038,0.86850166,0.79704505
67,"Quang hợp là quá trình lục lạp hấp thụ năng lượng ánh sáng để tổng hợp chất hữu cơ (glucose) từ CO2 và nước, đồng thời giải phóng khí oxi.","Quang hợp là quá trình lục lạp hấp thụ ánh sáng để tổng hợp chất hữu cơ glucose từ CO2 và nước, đồng thời giải phóng oxi.",hoc_vet,"['Quang_hợp', 'là', 'quá_trình', 'lục', 'lạp', 'hấp_thụ', 'năng_lượng', 'ánh_sáng', 'để', 'tổng_hợp_chất', 'hữu_cơ', '(', 'glucose', ')', 'từ', 'CO2', 'và', 'nước', ',', 'đồng_thời', 'giải_phóng', 'khí', 'oxi', '.']","['Quang_hợp', 'là', 'quá_trình', 'lục', 'lạp', 'hấp_thụ', 'ánh_sáng', 'để', 'tổng_hợp_chất', 'hữu_cơ', 'glucose', 'từ', 'CO2', 'và', 'nước', ',', 'đồng_thời', 'giải_phóng', 'oxi', '.']",0.4674329501915709,0.8333333333333334,0.8333333333333334,0.9883569,0.9780723,0.8913831
68,"Quang hợp là quá trình lục lạp hấp thụ năng lượng ánh sáng để tổng hợp chất hữu cơ (glucose) từ CO2 và nước, đồng thời giải phóng khí oxi.","Quang hợp là quá trình lục lạp hấp thụ năng lượng ánh sáng tổng hợp chất hữu cơ từ CO2 và nước, giải phóng ra khí oxi.",hoc_vet,"['Quang_hợp', 'là', 'quá_trình', 'lục', 'lạp', 'hấp_thụ', 'năng_lượng', 'ánh_sáng', 'để', 'tổng_hợp_chất', 'hữu_cơ', '(', 'glucose', ')', 'từ', 'CO2', 'và', 'nước', ',', 'đồng_thời', 'giải_phóng', 'khí', 'oxi', '.']","['Quang_hợp', 'là', 'quá_trình', 'lục', 'lạp', 'hấp_thụ', 'năng_lượng', 'ánh_sáng', 'tổng_hợp_chất', 'hữu_cơ', 'từ', 'CO2', 'và', 'nước', ',', 'giải_phóng', 'ra', 'khí', 'oxi', '.']",0.41666666666666663,0.7916666666666666,0.8333333333333334,0.9331499,0.95270425,0.9514984
69,"Quang hợp là quá trình lục lạp hấp thụ năng lượng ánh sáng để tổng hợp chất hữu cơ (glucose) từ CO2 và nước, đồng thời giải phóng khí oxi.",Quang hợp là quá trình cây hấp thụ khí oxi và thải ra khí CO2 để tạo năng lượng cho tế bào sử dụng.,sai,"['Quang_hợp', 'là', 'quá_trình', 'lục', 'lạp', 'hấp_thụ', 'năng_lượng', 'ánh_sáng', 'để', 'tổng_hợp_chất', 'hữu_cơ', '(', 'glucose', ')', 'từ', 'CO2', 'và', 'nước', ',', 'đồng_thời', 'giải_phóng', 'khí', 'oxi', '.']","['Quang_hợp', 'là', 'quá_trình', 'cây', 'hấp_thụ', 'khí', 'oxi', 'và', 'thải', 'ra', 'khí', 'CO2', 'để', 'tạo', 'năng_lượng', 'cho', 'tế_bào', 'sử_dụng', '.']",0.05263157894736842,0.2916666666666667,0.7916666666666666,0.82593185,0.7142414,0.74590766
70,"Hô hấp tế bào là quá trình phân giải chất hữu cơ (glucose) thành CO2 và nước, giải phóng năng lượng dưới dạng ATP để cung cấp cho các hoạt động sống của tế bào.","Hô hấp tế bào là quá trình tế bào phân giải đường để lấy năng lượng ATP dùng cho hoạt động sống, đồng thời thải ra CO2 và nước.",dung,"['Hô_hấp', 'tế_bào', 'là', 'quá_trình', 'phân_giải', 'chất', 'hữu_cơ', '(', 'glucose', ')', 'thành', 'CO2', 'và', 'nước', ',', 'giải_phóng', 'năng_lượng', 'dưới', 'dạng', 'ATP', 'để', 'cung_cấp', 'cho', 'các', 'hoạt_động', 'sống', 'của', 'tế_bào', '.']","['Hô_hấp', 'tế_bào', 'là', 'quá_trình', 'tế_bào', 'phân_giải', 'đường', 'để', 'lấy', 'năng_lượng', 'ATP', 'dùng', 'cho', 'hoạt_động', 'sống', ',', 'đồng_thời', 'thải', 'ra', 'CO2', 'và', 'nước', '.']",0.1015151515151515,0.3793103448275862,0.7931034482758621,0.97636485,0.9497545,0.87482387
71,"Hô hấp tế bào là quá trình phân giải chất hữu cơ (glucose) thành CO2 và nước, giải phóng năng lượng dưới dạng ATP để cung cấp cho các hoạt động sống của tế bào.","Theo em hô hấp tế bào diễn ra bên trong ti thể, đó là quá trình các chất hữu cơ như glucose bị phân giải dần dần thành CO2 và nước, và trong quá trình phân giải đó năng lượng được giải phóng ra dưới dạng ATP để tế bào sử dụng cho các hoạt động sống của mình.",dung,"['Hô_hấp', 'tế_bào', 'là', 'quá_trình', 'phân_giải', 'chất', 'hữu_cơ', '(', 'glucose', ')', 'thành', 'CO2', 'và', 'nước', ',', 'giải_phóng', 'năng_lượng', 'dưới', 'dạng', 'ATP', 'để', 'cung_cấp', 'cho', 'các', 'hoạt_động', 'sống', 'của', 'tế_bào', '.']","['Theo', 'em', 'hô_hấp', 'tế_bào', 'diễn', 'ra', 'bên', 'trong', 'ti_thể', ',', 'đó', 'là', 'quá_trình', 'các', 'chất', 'hữu_cơ', 'như', 'glucose', 'bị', 'phân_giải', 'dần_dần', 'thành', 'CO2', 'và', 'nước', ',', 'và', 'trong', 'quá_trình', 'phân_giải', 'đó', 'năng_lượng', 'được', 'giải_phóng', 'ra', 'dưới', 'dạng', 'ATP', 'để', 'tế_bào', 'sử_dụng', 'cho', 'các', 'hoạt_động', 'sống', 'của', 'mình', '.']",0.1762925598991173,0.7586206896551724,1.6551724137931034,0.93586946,0.9371974,0.9130816
72,"Hô hấp tế bào là quá trình phân giải chất hữu cơ (glucose) thành CO2 và nước, giải phóng năng lượng dưới dạng ATP để cung cấp cho các hoạt động sống của tế bào.","Hô hấp tế bào là quá trình phân giải chất hữu cơ glucose thành CO2 và nước, giải phóng năng lượng ATP cung cấp cho hoạt động sống của tế bào.",hoc_vet,"['Hô_hấp', 'tế_bào', 'là', 'quá_trình', 'phân_giải', 'chất', 'hữu_cơ', '(', 'glucose', ')', 'thành', 'CO2', 'và', 'nước', ',', 'giải_phóng', 'năng_lượng', 'dưới', 'dạng', 'ATP', 'để', 'cung_cấp', 'cho', 'các', 'hoạt_động', 'sống', 'của', 'tế_bào', '.']","['Hô_hấp', 'tế_bào', 'là', 'quá_trình', 'phân_giải', 'chất', 'hữu_cơ', 'glucose', 'thành', 'CO2', 'và', 'nước', ',', 'giải_phóng', 'năng_lượng', 'ATP', 'cung_cấp', 'cho', 'hoạt_động', 'sống', 'của', 'tế_bào', '.']",0.4432900432900433,0.7931034482758621,0.7931034482758621,0.9956121,0.987632,0.95840555
73,"Hô hấp tế bào là quá trình phân giải chất hữu cơ (glucose) thành CO2 và nước, giải phóng năng lượng dưới dạng ATP để cung cấp cho các hoạt động sống của tế bào.","Hô hấp tế bào là quá trình phân giải glucose thành CO2 và nước, năng lượng giải phóng dưới dạng ATP cho tế bào hoạt động.",hoc_vet,"['Hô_hấp', 'tế_bào', 'là', 'quá_trình', 'phân_giải', 'chất', 'hữu_cơ', '(', 'glucose', ')', 'thành', 'CO2', 'và', 'nước', ',', 'giải_phóng', 'năng_lượng', 'dưới', 'dạng', 'ATP', 'để', 'cung_cấp', 'cho', 'các', 'hoạt_động', 'sống', 'của', 'tế_bào', '.']","['Hô_hấp', 'tế_bào', 'là', 'quá_trình', 'phân_giải', 'glucose', 'thành', 'CO2', 'và', 'nước', ',', 'năng_lượng', 'giải_phóng', 'dưới', 'dạng', 'ATP', 'cho', 'tế_bào', 'hoạt_động', '.']",0.2272403982930299,0.6206896551724138,0.6896551724137931,0.98277473,0.9800034,0.922676
74,"Hô hấp tế bào là quá trình phân giải chất hữu cơ (glucose) thành CO2 và nước, giải phóng năng lượng dưới dạng ATP để cung cấp cho các hoạt động sống của tế bào.","Hô hấp tế bào là quá trình tế bào hấp thụ CO2 và nước, dùng ánh sáng để tổng hợp thành glucose và thải ra oxi.",sai,"['Hô_hấp', 'tế_bào', 'là', 'quá_trình', 'phân_giải', 'chất', 'hữu_cơ', '(', 'glucose', ')', 'thành', 'CO2', 'và', 'nước', ',', 'giải_phóng', 'năng_lượng', 'dưới', 'dạng', 'ATP', 'để', 'cung_cấp', 'cho', 'các', 'hoạt_động', 'sống', 'của', 'tế_bào', '.']","['Hô_hấp', 'tế_bào', 'là', 'quá_trình', 'tế_bào', 'hấp_thụ', 'CO2', 'và', 'nước', ',', 'dùng', 'ánh_sáng', 'để', 'tổng_hợp_thành', 'glucose', 'và', 'thải', 'ra', 'oxi', '.']",0.12195121951219512,0.3448275862068966,0.6896551724137931,0.89574456,0.8777165,0.77242404
75,"Nguyên phân là hình thức phân chia tế bào tạo ra hai tế bào con có bộ nhiễm sắc thể giống hệt tế bào mẹ, gồm các kỳ đầu, kỳ giữa, kỳ sau, kỳ cuối, giúp cơ thể sinh trưởng và thay thế tế bào già, tế bào tổn thương.","Nguyên phân là quá trình một tế bào chia thành hai tế bào con có bộ nhiễm sắc thể y hệt tế bào ban đầu, nhờ vậy cơ thể lớn lên và thay thế các tế bào bị hỏng.",dung,"['Nguyên_phân', 'là', 'hình_thức', 'phân_chia', 'tế_bào', 'tạo', 'ra', 'hai', 'tế_bào', 'con', 'có', 'bộ', 'nhiễm', 'sắc_thể', 'giống_hệt', 'tế_bào', 'mẹ', ',', 'gồm', 'các', 'kỳ', 'đầu', ',', 'kỳ', 'giữa', ',', 'kỳ', 'sau', ',', 'kỳ', 'cuối', ',', 'giúp', 'cơ_thể', 'sinh_trưởng', 'và', 'thay_thế', 'tế_bào', 'già', ',', 'tế_bào', 'tổn_thương', '.']","['Nguyên_phân', 'là', 'quá_trình', 'một', 'tế_bào', 'chia', 'thành', 'hai', 'tế_bào', 'con', 'có', 'bộ', 'nhiễm', 'sắc_thể', 'y_hệt', 'tế_bào', 'ban_đầu', ',', 'nhờ', 'vậy', 'cơ_thể', 'lớn', 'lên', 'và', 'thay_thế', 'các', 'tế_bào', 'bị', 'hỏng', '.']",0.10255456349206349,0.3953488372093023,0.6976744186046512,0.9544181,0.9014482,0.90552515
76,"Nguyên phân là hình thức phân chia tế bào tạo ra hai tế bào con có bộ nhiễm sắc thể giống hệt tế bào mẹ, gồm các kỳ đầu, kỳ giữa, kỳ sau, kỳ cuối, giúp cơ thể sinh trưởng và thay thế tế bào già, tế bào tổn thương.","Theo em nguyên phân là kiểu phân chia tế bào mà từ một tế bào mẹ ban đầu sẽ tạo ra hai tế bào con, hai tế bào con này mang bộ nhiễm sắc thể giống hệt nhau và giống với tế bào mẹ, quá trình này trải qua các kỳ đầu, kỳ giữa, kỳ sau, kỳ cuối, có vai trò giúp cơ thể sinh trưởng, phát triển và thay thế những tế bào già hoặc bị tổn thương.",dung,"['Nguyên_phân', 'là', 'hình_thức', 'phân_chia', 'tế_bào', 'tạo', 'ra', 'hai', 'tế_bào', 'con', 'có', 'bộ', 'nhiễm', 'sắc_thể', 'giống_hệt', 'tế_bào', 'mẹ', ',', 'gồm', 'các', 'kỳ', 'đầu', ',', 'kỳ', 'giữa', ',', 'kỳ', 'sau', ',', 'kỳ', 'cuối', ',', 'giúp', 'cơ_thể', 'sinh_trưởng', 'và', 'thay_thế', 'tế_bào', 'già', ',', 'tế_bào', 'tổn_thương', '.']","['Theo', 'em', 'nguyên', 'phân', 'là', 'kiểu', 'phân_chia', 'tế_bào', 'mà', 'từ', 'một', 'tế_bào', 'mẹ', 'ban_đầu', 'sẽ', 'tạo', 'ra', 'hai', 'tế_bào', 'con', ',', 'hai', 'tế_bào', 'con', 'này', 'mang', 'bộ', 'nhiễm', 'sắc_thể', 'giống_hệt', 'nhau', 'và', 'giống', 'với', 'tế_bào', 'mẹ', ',', 'quá_trình', 'này', 'trải', 'qua', 'các', 'kỳ', 'đầu', ',', 'kỳ', 'giữa', ',', 'kỳ', 'sau', ',', 'kỳ', 'cuối', ',', 'có', 'vai_trò', 'giúp', 'cơ_thể', 'sinh_trưởng', ',', 'phát_triển', 'và', 'thay_thế', 'những', 'tế_bào', 'già', 'hoặc', 'bị', 'tổn_thương', '.']",0.25961538461538464,0.8604651162790697,1.627906976744186,0.9591949,0.95297587,0.95412654
77,"Nguyên phân là hình thức phân chia tế bào tạo ra hai tế bào con có bộ nhiễm sắc thể giống hệt tế bào mẹ, gồm các kỳ đầu, kỳ giữa, kỳ sau, kỳ cuối, giúp cơ thể sinh trưởng và thay thế tế bào già, tế bào tổn thương.","Nguyên phân là hình thức phân chia tế bào tạo ra hai tế bào con có bộ nhiễm sắc thể giống hệt tế bào mẹ, gồm kỳ đầu, kỳ giữa, kỳ sau, kỳ cuối, giúp cơ thể sinh trưởng và thay thế tế bào già, tế bào bị tổn thương.",hoc_vet,"['Nguyên_phân', 'là', 'hình_thức', 'phân_chia', 'tế_bào', 'tạo', 'ra', 'hai', 'tế_bào', 'con', 'có', 'bộ', 'nhiễm', 'sắc_thể', 'giống_hệt', 'tế_bào', 'mẹ', ',', 'gồm', 'các', 'kỳ', 'đầu', ',', 'kỳ', 'giữa', ',', 'kỳ', 'sau', ',', 'kỳ', 'cuối', ',', 'giúp', 'cơ_thể', 'sinh_trưởng', 'và', 'thay_thế', 'tế_bào', 'già', ',', 'tế_bào', 'tổn_thương', '.']","['Nguyên_phân', 'là', 'hình_thức', 'phân_chia', 'tế_bào', 'tạo', 'ra', 'hai', 'tế_bào', 'con', 'có', 'bộ', 'nhiễm', 'sắc_thể', 'giống_hệt', 'tế_bào', 'mẹ', ',', 'gồm', 'kỳ', 'đầu', ',', 'kỳ', 'giữa', ',', 'kỳ', 'sau', ',', 'kỳ', 'cuối', ',', 'giúp', 'cơ_thể', 'sinh_trưởng', 'và', 'thay_thế', 'tế_bào', 'già', ',', 'tế_bào', 'bị', 'tổn_thương', '.']",0.8246376811594203,0.9767441860465116,1.0,0.9989045,0.99816316,0.99742407
78,"Nguyên phân là hình thức phân chia tế bào tạo ra hai tế bào con có bộ nhiễm sắc thể giống hệt tế bào mẹ, gồm các kỳ đầu, kỳ giữa, kỳ sau, kỳ cuối, giúp cơ thể sinh trưởng và thay thế tế bào già, tế bào tổn thương.","Nguyên phân là hình thức phân chia của tế bào tạo ra hai tế bào con có bộ nhiễm sắc thể giống với tế bào mẹ, trải qua kỳ đầu, kỳ giữa, kỳ sau, kỳ cuối, giúp cơ thể sinh trưởng và thay thế tế bào tổn thương, già.",hoc_vet,"['Nguyên_phân', 'là', 'hình_thức', 'phân_chia', 'tế_bào', 'tạo', 'ra', 'hai', 'tế_bào', 'con', 'có', 'bộ', 'nhiễm', 'sắc_thể', 'giống_hệt', 'tế_bào', 'mẹ', ',', 'gồm', 'các', 'kỳ', 'đầu', ',', 'kỳ', 'giữa', ',', 'kỳ', 'sau', ',', 'kỳ', 'cuối', ',', 'giúp', 'cơ_thể', 'sinh_trưởng', 'và', 'thay_thế', 'tế_bào', 'già', ',', 'tế_bào', 'tổn_thương', '.']","['Nguyên_phân', 'là', 'hình_thức', 'phân_chia', 'của', 'tế_bào', 'tạo', 'ra', 'hai', 'tế_bào', 'con', 'có', 'bộ', 'nhiễm', 'sắc_thể', 'giống', 'với', 'tế_bào', 'mẹ', ',', 'trải', 'qua', 'kỳ', 'đầu', ',', 'kỳ', 'giữa', ',', 'kỳ', 'sau', ',', 'kỳ', 'cuối', ',', 'giúp', 'cơ_thể', 'sinh_trưởng', 'và', 'thay_thế', 'tế_bào', 'tổn_thương', ',', 'già', '.']",0.5429582210242587,0.8604651162790697,1.0232558139534884,0.99078715,0.99217325,0.98162436
79,"Nguyên phân là hình thức phân chia tế bào tạo ra hai tế bào con có bộ nhiễm sắc thể giống hệt tế bào mẹ, gồm các kỳ đầu, kỳ giữa, kỳ sau, kỳ cuối, giúp cơ thể sinh trưởng và thay thế tế bào già, tế bào tổn thương.","Nguyên phân là hình thức phân chia tế bào tạo ra bốn tế bào con có bộ nhiễm sắc thể giảm đi một nửa so với tế bào mẹ, dùng để tạo giao tử.",sai,"['Nguyên_phân', 'là', 'hình_thức', 'phân_chia', 'tế_bào', 'tạo', 'ra', 'hai', 'tế_bào', 'con', 'có', 'bộ', 'nhiễm', 'sắc_thể', 'giống_hệt', 'tế_bào', 'mẹ', ',', 'gồm', 'các', 'kỳ', 'đầu', ',', 'kỳ', 'giữa', ',', 'kỳ', 'sau', ',', 'kỳ', 'cuối', ',', 'giúp', 'cơ_thể', 'sinh_trưởng', 'và', 'thay_thế', 'tế_bào', 'già', ',', 'tế_bào', 'tổn_thương', '.']","['Nguyên_phân', 'là', 'hình_thức', 'phân_chia', 'tế_bào', 'tạo', 'ra', 'bốn', 'tế_bào', 'con', 'có', 'bộ', 'nhiễm', 'sắc_thể', 'giảm', 'đi', 'một', 'nửa', 'so', 'với', 'tế_bào', 'mẹ', ',', 'dùng', 'để', 'tạo', 'giao_tử', '.']",0.2037907268170426,0.3953488372093023,0.6511627906976745,0.89650846,0.8448094,0.7325344
80,"Giảm phân là hình thức phân chia tế bào sinh dục chín, trải qua hai lần phân bào liên tiếp nhưng nhiễm sắc thể chỉ nhân đôi một lần, tạo ra bốn tế bào con có bộ nhiễm sắc thể giảm đi một nửa so với tế bào mẹ, hình thành giao tử.","Giảm phân là quá trình phân chia xảy ra ở tế bào sinh dục để tạo ra giao tử, tế bào chia hai lần liên tiếp nhưng ADN chỉ nhân đôi một lần nên số nhiễm sắc thể trong tế bào con chỉ còn một nửa so với ban đầu.",dung,"['Giảm_phân', 'là', 'hình_thức', 'phân_chia', 'tế_bào', 'sinh_dục', 'chín', ',', 'trải', 'qua', 'hai', 'lần', 'phân', 'bào', 'liên_tiếp', 'nhưng', 'nhiễm', 'sắc_thể', 'chỉ', 'nhân', 'đôi', 'một', 'lần', ',', 'tạo', 'ra', 'bốn', 'tế_bào', 'con', 'có', 'bộ', 'nhiễm', 'sắc_thể', 'giảm', 'đi', 'một', 'nửa', 'so', 'với', 'tế_bào', 'mẹ', ',', 'hình_thành', 'giao_tử', '.']","['Giảm_phân', 'là', 'quá_trình', 'phân_chia', 'xảy', 'ra', 'ở', 'tế_bào', 'sinh_dục', 'để', 'tạo', 'ra', 'giao_tử', ',', 'tế_bào', 'chia', 'hai', 'lần', 'liên_tiếp', 'nhưng', 'ADN', 'chỉ', 'nhân', 'đôi', 'một', 'lần', 'nên', 'số', 'nhiễm', 'sắc_thể', 'trong', 'tế_bào', 'con', 'chỉ', 'còn', 'một', 'nửa', 'so', 'với', 'ban_đầu', '.']",0.13246753246753246,0.4888888888888889,0.9111111111111111,0.92759377,0.89948785,0.84893864
81,"Giảm phân là hình thức phân chia tế bào sinh dục chín, trải qua hai lần phân bào liên tiếp nhưng nhiễm sắc thể chỉ nhân đôi một lần, tạo ra bốn tế bào con có bộ nhiễm sắc thể giảm đi một nửa so với tế bào mẹ, hình thành giao tử.","Em hiểu giảm phân là kiểu phân bào chỉ xảy ra ở các tế bào sinh dục đã chín để hình thành giao tử, quá trình này có hai lần phân chia tế bào diễn ra liên tiếp nhau nhưng nhiễm sắc thể chỉ nhân đôi đúng một lần duy nhất ở giai đoạn đầu, kết quả là tạo ra bốn tế bào con mà mỗi tế bào chỉ mang một nửa số nhiễm sắc thể so với tế bào mẹ ban đầu.",dung,"['Giảm_phân', 'là', 'hình_thức', 'phân_chia', 'tế_bào', 'sinh_dục', 'chín', ',', 'trải', 'qua', 'hai', 'lần', 'phân', 'bào', 'liên_tiếp', 'nhưng', 'nhiễm', 'sắc_thể', 'chỉ', 'nhân', 'đôi', 'một', 'lần', ',', 'tạo', 'ra', 'bốn', 'tế_bào', 'con', 'có', 'bộ', 'nhiễm', 'sắc_thể', 'giảm', 'đi', 'một', 'nửa', 'so', 'với', 'tế_bào', 'mẹ', ',', 'hình_thành', 'giao_tử', '.']","['Em', 'hiểu', 'giảm', 'phân', 'là', 'kiểu', 'phân', 'bào', 'chỉ', 'xảy', 'ra', 'ở', 'các', 'tế_bào', 'sinh_dục', 'đã', 'chín', 'để', 'hình_thành', 'giao_tử', ',', 'quá_trình', 'này', 'có', 'hai', 'lần', 'phân_chia', 'tế_bào', 'diễn', 'ra', 'liên_tiếp', 'nhau', 'nhưng', 'nhiễm', 'sắc_thể', 'chỉ', 'nhân', 'đôi', 'đúng', 'một', 'lần', 'duy_nhất', 'ở', 'giai_đoạn', 'đầu', ',', 'kết_quả', 'là', 'tạo', 'ra', 'bốn', 'tế_bào', 'con', 'mà', 'mỗi', 'tế_bào', 'chỉ', 'mang', 'một', 'nửa', 'số', 'nhiễm', 'sắc_thể', 'so', 'với', 'tế_bào', 'mẹ', 'ban_đầu', '.']",0.1532501076194576,0.6444444444444445,1.5333333333333334,0.9409603,0.91800344,0.8872912
82,"Giảm phân là hình thức phân chia tế bào sinh dục chín, trải qua hai lần phân bào liên tiếp nhưng nhiễm sắc thể chỉ nhân đôi một lần, tạo ra bốn tế bào con có bộ nhiễm sắc thể giảm đi một nửa so với tế bào mẹ, hình thành giao tử.","Giảm phân là hình thức phân chia của tế bào sinh dục chín, trải qua hai lần phân bào liên tiếp nhưng nhiễm sắc thể chỉ nhân đôi một lần, tạo ra bốn tế bào con có bộ nhiễm sắc thể giảm một nửa so với tế bào mẹ, hình thành nên giao tử.",hoc_vet,"['Giảm_phân', 'là', 'hình_thức', 'phân_chia', 'tế_bào', 'sinh_dục', 'chín', ',', 'trải', 'qua', 'hai', 'lần', 'phân', 'bào', 'liên_tiếp', 'nhưng', 'nhiễm', 'sắc_thể', 'chỉ', 'nhân', 'đôi', 'một', 'lần', ',', 'tạo', 'ra', 'bốn', 'tế_bào', 'con', 'có', 'bộ', 'nhiễm', 'sắc_thể', 'giảm', 'đi', 'một', 'nửa', 'so', 'với', 'tế_bào', 'mẹ', ',', 'hình_thành', 'giao_tử', '.']","['Giảm_phân', 'là', 'hình_thức', 'phân_chia', 'của', 'tế_bào', 'sinh_dục', 'chín', ',', 'trải', 'qua', 'hai', 'lần', 'phân', 'bào', 'liên_tiếp', 'nhưng', 'nhiễm', 'sắc_thể', 'chỉ', 'nhân', 'đôi', 'một', 'lần', ',', 'tạo', 'ra', 'bốn', 'tế_bào', 'con', 'có', 'bộ', 'nhiễm', 'sắc_thể', 'giảm', 'một', 'nửa', 'so', 'với', 'tế_bào', 'mẹ', ',', 'hình_thành', 'nên', 'giao_tử', '.']",0.7611044417767108,0.9777777777777777,1.0222222222222221,0.9949812,0.99699414,0.99464035
83,"Giảm phân là hình thức phân chia tế bào sinh dục chín, trải qua hai lần phân bào liên tiếp nhưng nhiễm sắc thể chỉ nhân đôi một lần, tạo ra bốn tế bào con có bộ nhiễm sắc thể giảm đi một nửa so với tế bào mẹ, hình thành giao tử.","Giảm phân là hình thức phân chia tế bào sinh dục chín, gồm hai lần phân bào liên tiếp nhưng nhiễm sắc thể chỉ nhân đôi một lần, tạo ra bốn tế bào con có bộ nhiễm sắc thể giảm đi một nửa so với tế bào mẹ để hình thành giao tử.",hoc_vet,"['Giảm_phân', 'là', 'hình_thức', 'phân_chia', 'tế_bào', 'sinh_dục', 'chín', ',', 'trải', 'qua', 'hai', 'lần', 'phân', 'bào', 'liên_tiếp', 'nhưng', 'nhiễm', 'sắc_thể', 'chỉ', 'nhân', 'đôi', 'một', 'lần', ',', 'tạo', 'ra', 'bốn', 'tế_bào', 'con', 'có', 'bộ', 'nhiễm', 'sắc_thể', 'giảm', 'đi', 'một', 'nửa', 'so', 'với', 'tế_bào', 'mẹ', ',', 'hình_thành', 'giao_tử', '.']","['Giảm_phân', 'là', 'hình_thức', 'phân_chia', 'tế_bào', 'sinh_dục', 'chín', ',', 'gồm', 'hai', 'lần', 'phân', 'bào', 'liên_tiếp', 'nhưng', 'nhiễm', 'sắc_thể', 'chỉ', 'nhân', 'đôi', 'một', 'lần', ',', 'tạo', 'ra', 'bốn', 'tế_bào', 'con', 'có', 'bộ', 'nhiễm', 'sắc_thể', 'giảm', 'đi', 'một', 'nửa', 'so', 'với', 'tế_bào', 'mẹ', 'để', 'hình_thành', 'giao_tử', '.']",0.7735969387755102,0.9333333333333333,0.9777777777777777,0.99575025,0.996157,0.9874587
84,"Giảm phân là hình thức phân chia tế bào sinh dục chín, trải qua hai lần phân bào liên tiếp nhưng nhiễm sắc thể chỉ nhân đôi một lần, tạo ra bốn tế bào con có bộ nhiễm sắc thể giảm đi một nửa so với tế bào mẹ, hình thành giao tử.","Giảm phân là hình thức phân chia tế bào tạo ra hai tế bào con giống hệt tế bào mẹ về bộ nhiễm sắc thể, xảy ra ở tất cả các loại tế bào trong cơ thể để giúp cơ thể lớn lên.",sai,"['Giảm_phân', 'là', 'hình_thức', 'phân_chia', 'tế_bào', 'sinh_dục', 'chín', ',', 'trải', 'qua', 'hai', 'lần', 'phân', 'bào', 'liên_tiếp', 'nhưng', 'nhiễm', 'sắc_thể', 'chỉ', 'nhân', 'đôi', 'một', 'lần', ',', 'tạo', 'ra', 'bốn', 'tế_bào', 'con', 'có', 'bộ', 'nhiễm', 'sắc_thể', 'giảm', 'đi', 'một', 'nửa', 'so', 'với', 'tế_bào', 'mẹ', ',', 'hình_thành', 'giao_tử', '.']","['Giảm_phân', 'là', 'hình_thức', 'phân_chia', 'tế_bào', 'tạo', 'ra', 'hai', 'tế_bào', 'con', 'giống_hệt', 'tế_bào', 'mẹ', 'về', 'bộ', 'nhiễm', 'sắc_thể', ',', 'xảy', 'ra', 'ở', 'tất_cả', 'các', 'loại', 'tế_bào', 'trong', 'cơ_thể', 'để', 'giúp', 'cơ_thể', 'lớn', 'lên', '.']",0.09573560767590618,0.3111111111111111,0.7333333333333333,0.85439104,0.76941454,0.7681575
85,"Enzyme là chất xúc tác sinh học có bản chất là protein, có khả năng làm tăng tốc độ phản ứng hóa học trong tế bào mà không bị biến đổi sau phản ứng, mỗi enzyme thường chỉ xúc tác cho một hoặc một số phản ứng nhất định.","Enzyme là protein đóng vai trò xúc tác, giúp các phản ứng hóa học trong cơ thể xảy ra nhanh hơn nhiều mà bản thân nó không bị mất đi sau phản ứng.",dung,"['Enzyme', 'là', 'chất', 'xúc_tác', 'sinh_học', 'có', 'bản_chất', 'là', 'protein', ',', 'có', 'khả_năng', 'làm', 'tăng_tốc_độ', 'phản_ứng_hóa', 'học', 'trong', 'tế_bào', 'mà', 'không', 'bị', 'biến_đổi', 'sau', 'phản_ứng', ',', 'mỗi', 'enzyme', 'thường', 'chỉ', 'xúc_tác', 'cho', 'một', 'hoặc', 'một_số', 'phản_ứng', 'nhất_định', '.']","['Enzyme', 'là', 'protein', 'đóng', 'vai_trò', 'xúc_tác', ',', 'giúp', 'các', 'phản_ứng_hóa', 'học', 'trong', 'cơ_thể', 'xảy', 'ra', 'nhanh', 'hơn', 'nhiều', 'mà', 'bản_thân', 'nó', 'không', 'bị', 'mất', 'đi', 'sau', 'phản_ứng', '.']",0.06096491228070175,0.35135135135135137,0.7567567567567568,0.86166966,0.8369699,0.8393837
86,"Enzyme là chất xúc tác sinh học có bản chất là protein, có khả năng làm tăng tốc độ phản ứng hóa học trong tế bào mà không bị biến đổi sau phản ứng, mỗi enzyme thường chỉ xúc tác cho một hoặc một số phản ứng nhất định.","Theo em enzyme về bản chất là một loại protein có chức năng đặc biệt là xúc tác, tức là làm cho các phản ứng hóa sinh trong tế bào diễn ra nhanh hơn rất nhiều so với khi không có nó, và điều đặc biệt là sau khi phản ứng kết thúc thì enzyme vẫn giữ nguyên không bị biến đổi, mỗi loại enzyme thường chỉ phù hợp với một hoặc một vài phản ứng cụ thể thôi chứ không phải phản ứng nào cũng xúc tác được.",dung,"['Enzyme', 'là', 'chất', 'xúc_tác', 'sinh_học', 'có', 'bản_chất', 'là', 'protein', ',', 'có', 'khả_năng', 'làm', 'tăng_tốc_độ', 'phản_ứng_hóa', 'học', 'trong', 'tế_bào', 'mà', 'không', 'bị', 'biến_đổi', 'sau', 'phản_ứng', ',', 'mỗi', 'enzyme', 'thường', 'chỉ', 'xúc_tác', 'cho', 'một', 'hoặc', 'một_số', 'phản_ứng', 'nhất_định', '.']","['Theo', 'em', 'enzyme', 'về', 'bản_chất', 'là', 'một', 'loại', 'protein', 'có', 'chức_năng', 'đặc_biệt', 'là', 'xúc_tác', ',', 'tức_là', 'làm', 'cho', 'các', 'phản_ứng_hóa_sinh', 'trong', 'tế_bào', 'diễn', 'ra', 'nhanh', 'hơn', 'rất', 'nhiều', 'so', 'với', 'khi', 'không', 'có', 'nó', ',', 'và', 'điều', 'đặc_biệt', 'là', 'sau', 'khi', 'phản_ứng', 'kết_thúc', 'thì', 'enzyme', 'vẫn', 'giữ', 'nguyên', 'không', 'bị', 'biến_đổi', ',', 'mỗi', 'loại', 'enzyme', 'thường', 'chỉ', 'phù_hợp', 'với', 'một', 'hoặc', 'một_vài', 'phản_ứng', 'cụ_thể', 'thôi', 'chứ', 'không', 'phải', 'phản_ứng', 'nào', 'cũng', 'xúc_tác', 'được', '.']",0.04912776991984913,0.5135135135135135,2.0,0.92029184,0.8982909,0.9076263
87,"Enzyme là chất xúc tác sinh học có bản chất là protein, có khả năng làm tăng tốc độ phản ứng hóa học trong tế bào mà không bị biến đổi sau phản ứng, mỗi enzyme thường chỉ xúc tác cho một hoặc một số phản ứng nhất định.","Enzyme là chất xúc tác sinh học có bản chất protein, có khả năng làm tăng tốc độ phản ứng hóa học trong tế bào mà không bị biến đổi sau phản ứng, mỗi enzyme thường chỉ xúc tác một hoặc một số phản ứng nhất định.",hoc_vet,"['Enzyme', 'là', 'chất', 'xúc_tác', 'sinh_học', 'có', 'bản_chất', 'là', 'protein', ',', 'có', 'khả_năng', 'làm', 'tăng_tốc_độ', 'phản_ứng_hóa', 'học', 'trong', 'tế_bào', 'mà', 'không', 'bị', 'biến_đổi', 'sau', 'phản_ứng', ',', 'mỗi', 'enzyme', 'thường', 'chỉ', 'xúc_tác', 'cho', 'một', 'hoặc', 'một_số', 'phản_ứng', 'nhất_định', '.']","['Enzyme', 'là', 'chất', 'xúc_tác', 'sinh_học', 'có', 'bản_chất', 'protein', ',', 'có', 'khả_năng', 'làm', 'tăng_tốc_độ', 'phản_ứng_hóa', 'học', 'trong', 'tế_bào', 'mà', 'không', 'bị', 'biến_đổi', 'sau', 'phản_ứng', ',', 'mỗi', 'enzyme', 'thường', 'chỉ', 'xúc_tác', 'một', 'hoặc', 'một_số', 'phản_ứng', 'nhất_định', '.']",0.7928475033738192,0.9459459459459459,0.9459459459459459,0.9988774,0.99761355,0.9954012
88,"Enzyme là chất xúc tác sinh học có bản chất là protein, có khả năng làm tăng tốc độ phản ứng hóa học trong tế bào mà không bị biến đổi sau phản ứng, mỗi enzyme thường chỉ xúc tác cho một hoặc một số phản ứng nhất định.","Enzyme là chất xúc tác sinh học bản chất là protein, làm tăng tốc độ phản ứng hóa học trong tế bào mà không bị biến đổi sau khi phản ứng xảy ra, mỗi enzyme chỉ xúc tác cho một hoặc một số phản ứng.",hoc_vet,"['Enzyme', 'là', 'chất', 'xúc_tác', 'sinh_học', 'có', 'bản_chất', 'là', 'protein', ',', 'có', 'khả_năng', 'làm', 'tăng_tốc_độ', 'phản_ứng_hóa', 'học', 'trong', 'tế_bào', 'mà', 'không', 'bị', 'biến_đổi', 'sau', 'phản_ứng', ',', 'mỗi', 'enzyme', 'thường', 'chỉ', 'xúc_tác', 'cho', 'một', 'hoặc', 'một_số', 'phản_ứng', 'nhất_định', '.']","['Enzyme', 'là', 'chất', 'xúc_tác', 'sinh_học', 'bản_chất', 'là', 'protein', ',', 'làm', 'tăng_tốc_độ', 'phản_ứng_hóa', 'học', 'trong', 'tế_bào', 'mà', 'không', 'bị', 'biến_đổi', 'sau', 'khi', 'phản_ứng', 'xảy', 'ra', ',', 'mỗi', 'enzyme', 'chỉ', 'xúc_tác', 'cho', 'một', 'hoặc', 'một_số', 'phản_ứng', '.']",0.48611111111111116,0.8648648648648649,0.9459459459459459,0.99288553,0.9889228,0.98563665
89,"Enzyme là chất xúc tác sinh học có bản chất là protein, có khả năng làm tăng tốc độ phản ứng hóa học trong tế bào mà không bị biến đổi sau phản ứng, mỗi enzyme thường chỉ xúc tác cho một hoặc một số phản ứng nhất định.","Enzyme là chất bị biến đổi hoàn toàn sau mỗi phản ứng hóa học, đóng vai trò là nguyên liệu để tạo ra sản phẩm chứ không phải chất xúc tác.",sai,"['Enzyme', 'là', 'chất', 'xúc_tác', 'sinh_học', 'có', 'bản_chất', 'là', 'protein', ',', 'có', 'khả_năng', 'làm', 'tăng_tốc_độ', 'phản_ứng_hóa', 'học', 'trong', 'tế_bào', 'mà', 'không', 'bị', 'biến_đổi', 'sau', 'phản_ứng', ',', 'mỗi', 'enzyme', 'thường', 'chỉ', 'xúc_tác', 'cho', 'một', 'hoặc', 'một_số', 'phản_ứng', 'nhất_định', '.']","['Enzyme', 'là', 'chất', 'bị', 'biến_đổi', 'hoàn_toàn', 'sau', 'mỗi', 'phản_ứng_hóa', 'học', ',', 'đóng', 'vai_trò', 'là', 'nguyên_liệu', 'để', 'tạo', 'ra', 'sản_phẩm', 'chứ', 'không', 'phải', 'chất', 'xúc_tác', '.']",0.05422647527910686,0.24324324324324326,0.6756756756756757,0.8250561,0.7828304,0.73459584
90,"Nước và ion khoáng được hấp thụ từ đất vào rễ rồi vận chuyển lên các bộ phận trên mặt đất qua mạch gỗ (xylem) nhờ động lực phối hợp của áp suất rễ, lực hút do thoát hơi nước ở lá và lực liên kết giữa các phân tử nước.","Nước và muối khoáng được rễ hút từ đất rồi đi lên thân, lá nhờ mạch gỗ, quá trình này được thúc đẩy bởi áp suất từ rễ đẩy lên, lực hút từ việc lá thoát hơi nước, và các phân tử nước còn bám dính với nhau nữa.",dung,"['Nước', 'và', 'ion_khoáng', 'được', 'hấp_thụ', 'từ', 'đất', 'vào', 'rễ', 'rồi', 'vận_chuyển', 'lên', 'các', 'bộ_phận', 'trên', 'mặt_đất', 'qua', 'mạch', 'gỗ', '(', 'xylem', ')', 'nhờ', 'động_lực', 'phối_hợp', 'của', 'áp_suất', 'rễ', ',', 'lực', 'hút', 'do', 'thoát', 'hơi_nước', 'ở', 'lá', 'và', 'lực', 'liên_kết', 'giữa', 'các', 'phân_tử', 'nước', '.']","['Nước', 'và', 'muối_khoáng', 'được', 'rễ', 'hút', 'từ', 'đất', 'rồi', 'đi', 'lên', 'thân', ',', 'lá', 'nhờ', 'mạch', 'gỗ', ',', 'quá_trình', 'này', 'được', 'thúc_đẩy', 'bởi', 'áp_suất', 'từ', 'rễ', 'đẩy', 'lên', ',', 'lực', 'hút', 'từ', 'việc', 'lá', 'thoát', 'hơi_nước', ',', 'và', 'các', 'phân_tử', 'nước', 'còn', 'bám', 'dính', 'với', 'nhau', 'nữa', '.']",0.060408394781622236,0.4772727272727273,1.0909090909090908,0.866483,0.8656784,0.89899117
91,"Nước và ion khoáng được hấp thụ từ đất vào rễ rồi vận chuyển lên các bộ phận trên mặt đất qua mạch gỗ (xylem) nhờ động lực phối hợp của áp suất rễ, lực hút do thoát hơi nước ở lá và lực liên kết giữa các phân tử nước.","Em hiểu là cây hút nước và các ion khoáng ở trong đất thông qua rễ, sau đó nước và khoáng chất này di chuyển lên phía trên qua hệ thống mạch gỗ để đến thân và lá, sự di chuyển này không tự nhiên mà cần có động lực, gồm áp suất đẩy lên từ chính rễ cây, lực hút tạo ra do lá thoát hơi nước liên tục, và lực liên kết giữa các phân tử nước với nhau giúp chúng kéo nhau đi thành dòng liên tục.",dung,"['Nước', 'và', 'ion_khoáng', 'được', 'hấp_thụ', 'từ', 'đất', 'vào', 'rễ', 'rồi', 'vận_chuyển', 'lên', 'các', 'bộ_phận', 'trên', 'mặt_đất', 'qua', 'mạch', 'gỗ', '(', 'xylem', ')', 'nhờ', 'động_lực', 'phối_hợp', 'của', 'áp_suất', 'rễ', ',', 'lực', 'hút', 'do', 'thoát', 'hơi_nước', 'ở', 'lá', 'và', 'lực', 'liên_kết', 'giữa', 'các', 'phân_tử', 'nước', '.']","['Em', 'hiểu', 'là', 'cây', 'hút', 'nước', 'và', 'các', 'ion_khoáng', 'ở', 'trong', 'đất', 'thông_qua', 'rễ', ',', 'sau', 'đó', 'nước', 'và', 'khoáng_chất', 'này', 'di_chuyển', 'lên', 'phía', 'trên', 'qua', 'hệ_thống', 'mạch', 'gỗ', 'để', 'đến', 'thân', 'và', 'lá', ',', 'sự', 'di_chuyển', 'này', 'không', 'tự_nhiên', 'mà', 'cần', 'có', 'động_lực', ',', 'gồm', 'áp_suất', 'đẩy', 'lên', 'từ', 'chính', 'rễ', 'cây', ',', 'lực', 'hút', 'tạo', 'ra', 'do', 'lá', 'thoát', 'hơi_nước', 'liên_tục', ',', 'và', 'lực', 'liên_kết', 'giữa', 'các', 'phân_tử', 'nước', 'với', 'nhau', 'giúp', 'chúng', 'kéo', 'nhau', 'đi', 'thành', 'dòng', 'liên_tục', '.']",0.07453463533719866,0.5909090909090909,1.8636363636363635,0.8672113,0.8601515,0.9001064
92,"Nước và ion khoáng được hấp thụ từ đất vào rễ rồi vận chuyển lên các bộ phận trên mặt đất qua mạch gỗ (xylem) nhờ động lực phối hợp của áp suất rễ, lực hút do thoát hơi nước ở lá và lực liên kết giữa các phân tử nước.","Nước và ion khoáng được hấp thụ từ đất vào rễ rồi vận chuyển lên các bộ phận trên mặt đất qua mạch gỗ nhờ động lực phối hợp của áp suất rễ, lực hút do thoát hơi nước ở lá và lực liên kết giữa các phân tử nước.",hoc_vet,"['Nước', 'và', 'ion_khoáng', 'được', 'hấp_thụ', 'từ', 'đất', 'vào', 'rễ', 'rồi', 'vận_chuyển', 'lên', 'các', 'bộ_phận', 'trên', 'mặt_đất', 'qua', 'mạch', 'gỗ', '(', 'xylem', ')', 'nhờ', 'động_lực', 'phối_hợp', 'của', 'áp_suất', 'rễ', ',', 'lực', 'hút', 'do', 'thoát', 'hơi_nước', 'ở', 'lá', 'và', 'lực', 'liên_kết', 'giữa', 'các', 'phân_tử', 'nước', '.']","['Nước', 'và', 'ion_khoáng', 'được', 'hấp_thụ', 'từ', 'đất', 'vào', 'rễ', 'rồi', 'vận_chuyển', 'lên', 'các', 'bộ_phận', 'trên', 'mặt_đất', 'qua', 'mạch', 'gỗ', 'nhờ', 'động_lực', 'phối_hợp', 'của', 'áp_suất', 'rễ', ',', 'lực', 'hút', 'do', 'thoát', 'hơi_nước', 'ở', 'lá', 'và', 'lực', 'liên_kết', 'giữa', 'các', 'phân_tử', 'nước', '.']",0.8636363636363636,0.9318181818181818,0.9318181818181818,0.9584388,0.97213674,0.9928583
93,"Nước và ion khoáng được hấp thụ từ đất vào rễ rồi vận chuyển lên các bộ phận trên mặt đất qua mạch gỗ (xylem) nhờ động lực phối hợp của áp suất rễ, lực hút do thoát hơi nước ở lá và lực liên kết giữa các phân tử nước.","Nước và các ion khoáng được rễ hấp thụ từ đất rồi vận chuyển lên các bộ phận trên mặt đất qua mạch gỗ, nhờ động lực phối hợp giữa áp suất rễ, lực hút do sự thoát hơi nước ở lá, và lực liên kết giữa các phân tử nước.",hoc_vet,"['Nước', 'và', 'ion_khoáng', 'được', 'hấp_thụ', 'từ', 'đất', 'vào', 'rễ', 'rồi', 'vận_chuyển', 'lên', 'các', 'bộ_phận', 'trên', 'mặt_đất', 'qua', 'mạch', 'gỗ', '(', 'xylem', ')', 'nhờ', 'động_lực', 'phối_hợp', 'của', 'áp_suất', 'rễ', ',', 'lực', 'hút', 'do', 'thoát', 'hơi_nước', 'ở', 'lá', 'và', 'lực', 'liên_kết', 'giữa', 'các', 'phân_tử', 'nước', '.']","['Nước', 'và', 'các', 'ion_khoáng', 'được', 'rễ', 'hấp_thụ', 'từ', 'đất', 'rồi', 'vận_chuyển', 'lên', 'các', 'bộ_phận', 'trên', 'mặt_đất', 'qua', 'mạch', 'gỗ', ',', 'nhờ', 'động_lực', 'phối_hợp', 'giữa', 'áp_suất', 'rễ', ',', 'lực', 'hút', 'do', 'sự', 'thoát', 'hơi_nước', 'ở', 'lá', ',', 'và', 'lực', 'liên_kết', 'giữa', 'các', 'phân_tử', 'nước', '.']",0.44527649769585254,0.8636363636363636,1.0,0.9522477,0.9701886,0.9408951
94,"Nước và ion khoáng được hấp thụ từ đất vào rễ rồi vận chuyển lên các bộ phận trên mặt đất qua mạch gỗ (xylem) nhờ động lực phối hợp của áp suất rễ, lực hút do thoát hơi nước ở lá và lực liên kết giữa các phân tử nước.",Nước và muối khoáng được vận chuyển từ lá xuống rễ qua mạch rây nhờ áp suất thẩm thấu để nuôi các bộ phận dưới đất của cây.,sai,"['Nước', 'và', 'ion_khoáng', 'được', 'hấp_thụ', 'từ', 'đất', 'vào', 'rễ', 'rồi', 'vận_chuyển', 'lên', 'các', 'bộ_phận', 'trên', 'mặt_đất', 'qua', 'mạch', 'gỗ', '(', 'xylem', ')', 'nhờ', 'động_lực', 'phối_hợp', 'của', 'áp_suất', 'rễ', ',', 'lực', 'hút', 'do', 'thoát', 'hơi_nước', 'ở', 'lá', 'và', 'lực', 'liên_kết', 'giữa', 'các', 'phân_tử', 'nước', '.']","['Nước', 'và', 'muối_khoáng', 'được', 'vận_chuyển', 'từ', 'lá', 'xuống', 'rễ', 'qua', 'mạch', 'rây', 'nhờ', 'áp_suất', 'thẩm_thấu', 'để', 'nuôi', 'các', 'bộ_phận', 'dưới', 'đất', 'của', 'cây', '.']",0.023809523809523808,0.25,0.5454545454545454,0.84209234,0.8205563,0.8148186
95,"Cân bằng nội môi là duy trì sự ổn định của môi trường trong cơ thể (như nồng độ glucose, pH máu, áp suất thẩm thấu, nhiệt độ) thông qua cơ chế điều hòa ngược, đảm bảo các hoạt động sống của tế bào và cơ thể diễn ra bình thường.","Cân bằng nội môi là việc cơ thể giữ cho môi trường bên trong luôn ổn định, ví dụ như lượng đường trong máu hay độ pH, nhờ có các cơ chế điều chỉnh ngược để đưa mọi thứ về mức bình thường khi có sự thay đổi.",dung,"['Cân_bằng', 'nội', 'môi', 'là', 'duy_trì', 'sự', 'ổn_định', 'của', 'môi_trường', 'trong', 'cơ_thể', '(', 'như', 'nồng_độ', 'glucose', ',', 'pH', 'máu', ',', 'áp_suất', 'thẩm_thấu', ',', 'nhiệt_độ', ')', 'thông_qua', 'cơ_chế', 'điều', 'hòa', 'ngược', ',', 'đảm_bảo', 'các', 'hoạt_động', 'sống', 'của', 'tế_bào', 'và', 'cơ_thể', 'diễn', 'ra', 'bình_thường', '.']","['Cân_bằng', 'nội', 'môi', 'là', 'việc', 'cơ_thể', 'giữ', 'cho', 'môi_trường', 'bên', 'trong', 'luôn', 'ổn_định', ',', 'ví_dụ', 'như', 'lượng', 'đường', 'trong', 'máu', 'hay', 'độ', 'pH', ',', 'nhờ', 'có', 'các', 'cơ_chế', 'điều_chỉnh', 'ngược', 'để', 'đưa', 'mọi', 'thứ', 'về', 'mức', 'bình_thường_khi', 'có', 'sự', 'thay_đổi', '.']",0.03221778221778222,0.2857142857142857,0.9761904761904762,0.92621815,0.866237,0.7273875
96,"Cân bằng nội môi là duy trì sự ổn định của môi trường trong cơ thể (như nồng độ glucose, pH máu, áp suất thẩm thấu, nhiệt độ) thông qua cơ chế điều hòa ngược, đảm bảo các hoạt động sống của tế bào và cơ thể diễn ra bình thường.","Theo em cân bằng nội môi là khả năng của cơ thể giữ cho các điều kiện bên trong như nồng độ glucose trong máu, độ pH, áp suất thẩm thấu hay nhiệt độ luôn ở mức ổn định dù môi trường bên ngoài có thay đổi, cơ chế thực hiện điều này chủ yếu là cơ chế điều hòa ngược, tức là khi một yếu tố nào đó lệch khỏi mức bình thường thì cơ thể sẽ có phản ứng để đưa nó trở lại như cũ, nhờ vậy tế bào và cơ thể mới hoạt động bình thường được.",dung,"['Cân_bằng', 'nội', 'môi', 'là', 'duy_trì', 'sự', 'ổn_định', 'của', 'môi_trường', 'trong', 'cơ_thể', '(', 'như', 'nồng_độ', 'glucose', ',', 'pH', 'máu', ',', 'áp_suất', 'thẩm_thấu', ',', 'nhiệt_độ', ')', 'thông_qua', 'cơ_chế', 'điều', 'hòa', 'ngược', ',', 'đảm_bảo', 'các', 'hoạt_động', 'sống', 'của', 'tế_bào', 'và', 'cơ_thể', 'diễn', 'ra', 'bình_thường', '.']","['Theo', 'em', 'cân_bằng', 'nội', 'môi', 'là', 'khả_năng', 'của', 'cơ_thể', 'giữ', 'cho', 'các', 'điều_kiện', 'bên', 'trong', 'như', 'nồng_độ', 'glucose', 'trong', 'máu', ',', 'độ', 'pH', ',', 'áp_suất', 'thẩm_thấu', 'hay', 'nhiệt_độ', 'luôn', 'ở', 'mức', 'ổn_định', 'dù', 'môi_trường', 'bên', 'ngoài', 'có', 'thay_đổi', ',', 'cơ_chế', 'thực_hiện', 'điều', 'này', 'chủ_yếu', 'là', 'cơ_chế', 'điều', 'hòa', 'ngược', ',', 'tức_là', 'khi', 'một', 'yếu_tố', 'nào', 'đó', 'lệch', 'khỏi', 'mức', 'bình_thường', 'thì', 'cơ_thể', 'sẽ', 'có', 'phản_ứng', 'để', 'đưa', 'nó', 'trở_lại', 'như', 'cũ', ',', 'nhờ', 'vậy', 'tế_bào', 'và', 'cơ_thể', 'mới', 'hoạt_động', 'bình_thường', 'được', '.']",0.0906064788503694,0.5714285714285714,1.9523809523809523,0.84998673,0.8402446,0.81613433
97,"Cân bằng nội môi là duy trì sự ổn định của môi trường trong cơ thể (như nồng độ glucose, pH máu, áp suất thẩm thấu, nhiệt độ) thông qua cơ chế điều hòa ngược, đảm bảo các hoạt động sống của tế bào và cơ thể diễn ra bình thường.","Cân bằng nội môi là duy trì sự ổn định của môi trường trong cơ thể như nồng độ glucose, pH máu, áp suất thẩm thấu, nhiệt độ thông qua cơ chế điều hòa ngược, đảm bảo hoạt động sống của tế bào và cơ thể diễn ra bình thường.",hoc_vet,"['Cân_bằng', 'nội', 'môi', 'là', 'duy_trì', 'sự', 'ổn_định', 'của', 'môi_trường', 'trong', 'cơ_thể', '(', 'như', 'nồng_độ', 'glucose', ',', 'pH', 'máu', ',', 'áp_suất', 'thẩm_thấu', ',', 'nhiệt_độ', ')', 'thông_qua', 'cơ_chế', 'điều', 'hòa', 'ngược', ',', 'đảm_bảo', 'các', 'hoạt_động', 'sống', 'của', 'tế_bào', 'và', 'cơ_thể', 'diễn', 'ra', 'bình_thường', '.']","['Cân_bằng', 'nội', 'môi', 'là', 'duy_trì', 'sự', 'ổn_định', 'của', 'môi_trường', 'trong', 'cơ_thể', 'như', 'nồng_độ', 'glucose', ',', 'pH', 'máu', ',', 'áp_suất', 'thẩm_thấu', ',', 'nhiệt_độ', 'thông_qua', 'cơ_chế', 'điều', 'hòa', 'ngược', ',', 'đảm_bảo', 'hoạt_động', 'sống', 'của', 'tế_bào', 'và', 'cơ_thể', 'diễn', 'ra', 'bình_thường', '.']",0.7346837944664031,0.9285714285714286,0.9285714285714286,0.9969015,0.9952078,0.9881761
98,"Cân bằng nội môi là duy trì sự ổn định của môi trường trong cơ thể (như nồng độ glucose, pH máu, áp suất thẩm thấu, nhiệt độ) thông qua cơ chế điều hòa ngược, đảm bảo các hoạt động sống của tế bào và cơ thể diễn ra bình thường.","Cân bằng nội môi là sự duy trì ổn định môi trường trong cơ thể, ví dụ nồng độ glucose, pH máu, áp suất thẩm thấu, nhiệt độ, nhờ cơ chế điều hòa ngược để các hoạt động sống của tế bào và cơ thể diễn ra bình thường.",hoc_vet,"['Cân_bằng', 'nội', 'môi', 'là', 'duy_trì', 'sự', 'ổn_định', 'của', 'môi_trường', 'trong', 'cơ_thể', '(', 'như', 'nồng_độ', 'glucose', ',', 'pH', 'máu', ',', 'áp_suất', 'thẩm_thấu', ',', 'nhiệt_độ', ')', 'thông_qua', 'cơ_chế', 'điều', 'hòa', 'ngược', ',', 'đảm_bảo', 'các', 'hoạt_động', 'sống', 'của', 'tế_bào', 'và', 'cơ_thể', 'diễn', 'ra', 'bình_thường', '.']","['Cân_bằng', 'nội', 'môi', 'là', 'sự', 'duy_trì', 'ổn_định', 'môi_trường', 'trong', 'cơ_thể', ',', 'ví_dụ', 'nồng_độ', 'glucose', ',', 'pH', 'máu', ',', 'áp_suất', 'thẩm_thấu', ',', 'nhiệt_độ', ',', 'nhờ', 'cơ_chế', 'điều', 'hòa', 'ngược', 'để', 'các', 'hoạt_động', 'sống', 'của', 'tế_bào', 'và', 'cơ_thể', 'diễn', 'ra', 'bình_thường', '.']",0.4511455525606469,0.8095238095238095,0.9523809523809523,0.9847571,0.98472255,0.9691243
99,"Cân bằng nội môi là duy trì sự ổn định của môi trường trong cơ thể (như nồng độ glucose, pH máu, áp suất thẩm thấu, nhiệt độ) thông qua cơ chế điều hòa ngược, đảm bảo các hoạt động sống của tế bào và cơ thể diễn ra bình thường.",Cân bằng nội môi là quá trình cơ thể trao đổi chất với môi trường bên ngoài để lấy oxi và thải CO2 ra ngoài.,sai,"['Cân_bằng', 'nội', 'môi', 'là', 'duy_trì', 'sự', 'ổn_định', 'của', 'môi_trường', 'trong', 'cơ_thể', '(', 'như', 'nồng_độ', 'glucose', ',', 'pH', 'máu', ',', 'áp_suất', 'thẩm_thấu', ',', 'nhiệt_độ', ')', 'thông_qua', 'cơ_chế', 'điều', 'hòa', 'ngược', ',', 'đảm_bảo', 'các', 'hoạt_động', 'sống', 'của', 'tế_bào', 'và', 'cơ_thể', 'diễn', 'ra', 'bình_thường', '.']","['Cân_bằng', 'nội', 'môi', 'là', 'quá_trình', 'cơ_thể', 'trao_đổi', 'chất', 'với', 'môi_trường', 'bên', 'ngoài', 'để', 'lấy', 'oxi', 'và', 'thải', 'CO2', 'ra', 'ngoài', '.']",0.043405928614640044,0.19047619047619047,0.5,0.6647735,0.5521799,0.6501869
